<?xml version="1.0" encoding="UTF-8" ?>
<!-- This is a WordPress eXtended RSS file generated by WordPress as an export of your site. -->
<!-- It contains information about your site's posts, pages, comments, categories, and other content. -->
<!-- You may use this file to transfer that content from one site to another. -->
<!-- This file is not intended to serve as a complete backup of your site. -->

<!-- To import this information into a WordPress site follow these steps: -->
<!-- 1. Log in to that site as an administrator. -->
<!-- 2. Go to Tools: Import in the WordPress admin panel. -->
<!-- 3. Install the "WordPress" importer from the list. -->
<!-- 4. Activate & Run Importer. -->
<!-- 5. Upload this file using the form provided on that page. -->
<!-- 6. You will first be asked to map the authors in this export file to users -->
<!--    on the site. For each author, you may choose to map to an -->
<!--    existing user on the site or to create a new user. -->
<!-- 7. WordPress will then import each of the posts, pages, comments, categories, etc. -->
<!--    contained in this file into your site. -->

<!-- generator="WordPress/3.3.1" created="2012-04-02 19:18" -->
<rss version="2.0"
	xmlns:excerpt="http://wordpress.org/export/1.1/excerpt/"
	xmlns:content="http://purl.org/rss/1.0/modules/content/"
	xmlns:wfw="http://wellformedweb.org/CommentAPI/"
	xmlns:dc="http://purl.org/dc/elements/1.1/"
	xmlns:wp="http://wordpress.org/export/1.1/"
>

<channel>
	<title>Responsive Fullscreen Studio WordPress Theme</title>
	<link>http://rsw.imaginemthemes.com/wp</link>
	<description>Just another Imaginem Themes site</description>
	<pubDate>Mon, 02 Apr 2012 19:18:32 +0000</pubDate>
	<language>en</language>
	<wp:wxr_version>1.1</wp:wxr_version>
	<wp:base_site_url>http://imaginemthemes.com/wp/</wp:base_site_url>
	<wp:base_blog_url>http://rsw.imaginemthemes.com/wp</wp:base_blog_url>

	<wp:author><wp:author_id>1</wp:author_id><wp:author_login>admin</wp:author_login><wp:author_email>imagine@dhinet.net.mv</wp:author_email><wp:author_display_name><![CDATA[mondre]]></wp:author_display_name><wp:author_first_name><![CDATA[]]></wp:author_first_name><wp:author_last_name><![CDATA[]]></wp:author_last_name></wp:author>
	<wp:author><wp:author_id>2</wp:author_id><wp:author_login>vortex</wp:author_login><wp:author_email>imagine.themes@gmail.com</wp:author_email><wp:author_display_name><![CDATA[mondre]]></wp:author_display_name><wp:author_first_name><![CDATA[]]></wp:author_first_name><wp:author_last_name><![CDATA[]]></wp:author_last_name></wp:author>


	<generator>http://wordpress.org/?v=3.3.1</generator>

	<item>
		<title>Youtube video</title>
		<link>http://rsw.imaginemthemes.com/wp/fullscreen/fullvideo/</link>
		<pubDate>Sat, 24 Sep 2011 22:17:42 +0000</pubDate>
		<dc:creator>vortex</dc:creator>
		<guid isPermaLink="false">http://localhost/wpmu/photozen/?post_type=mtheme_featured&#038;p=1126</guid>
		<description></description>
		<content:encoded><![CDATA[]]></content:encoded>
		<excerpt:encoded><![CDATA[]]></excerpt:encoded>
		<wp:post_id>1126</wp:post_id>
		<wp:post_date>2011-09-24 22:17:42</wp:post_date>
		<wp:post_date_gmt>2011-09-24 22:17:42</wp:post_date_gmt>
		<wp:comment_status>closed</wp:comment_status>
		<wp:ping_status>closed</wp:ping_status>
		<wp:post_name>fullvideo</wp:post_name>
		<wp:status>publish</wp:status>
		<wp:post_parent>0</wp:post_parent>
		<wp:menu_order>5</wp:menu_order>
		<wp:post_type>mtheme_featured</wp:post_type>
		<wp:post_password></wp:post_password>
		<wp:is_sticky>0</wp:is_sticky>
		<wp:postmeta>
			<wp:meta_key>_edit_last</wp:meta_key>
			<wp:meta_value><![CDATA[2]]></wp:meta_value>
		</wp:postmeta>
		<wp:postmeta>
			<wp:meta_key>fullscreen_type</wp:meta_key>
			<wp:meta_value><![CDATA[Fullscreen-Video]]></wp:meta_value>
		</wp:postmeta>
		<wp:postmeta>
			<wp:meta_key>fullscreen_video_id</wp:meta_key>
			<wp:meta_value><![CDATA[http://www.youtube.com/watch?v=5YNcZxqpFm8]]></wp:meta_value>
		</wp:postmeta>
		<wp:postmeta>
			<wp:meta_key>fullscreen_vimeo_id</wp:meta_key>
			<wp:meta_value><![CDATA[]]></wp:meta_value>
		</wp:postmeta>
		<wp:postmeta>
			<wp:meta_key>fullscreen_slideshow_audio</wp:meta_key>
			<wp:meta_value><![CDATA[]]></wp:meta_value>
		</wp:postmeta>
		<wp:postmeta>
			<wp:meta_key>fullscreen_html_video</wp:meta_key>
			<wp:meta_value><![CDATA[]]></wp:meta_value>
		</wp:postmeta>
		<wp:postmeta>
			<wp:meta_key>_thumbnail_id</wp:meta_key>
			<wp:meta_value><![CDATA[1211]]></wp:meta_value>
		</wp:postmeta>
		<wp:postmeta>
			<wp:meta_key>fullscreen_slideshow_audio_mp3</wp:meta_key>
			<wp:meta_value><![CDATA[]]></wp:meta_value>
		</wp:postmeta>
		<wp:postmeta>
			<wp:meta_key>fullscreen_slideshow_audio_oga</wp:meta_key>
			<wp:meta_value><![CDATA[]]></wp:meta_value>
		</wp:postmeta>
		<wp:postmeta>
			<wp:meta_key>fullscreen_slideshow_audio_m4a</wp:meta_key>
			<wp:meta_value><![CDATA[]]></wp:meta_value>
		</wp:postmeta>
	</item>
	<item>
		<title>Fullscreen Slideshow</title>
		<link>http://rsw.imaginemthemes.com/wp/fullscreen/fullscreen-slideshow/</link>
		<pubDate>Sun, 25 Sep 2011 08:22:04 +0000</pubDate>
		<dc:creator>vortex</dc:creator>
		<guid isPermaLink="false">http://localhost/wpmu/photozen/?post_type=mtheme_featured&#038;p=1130</guid>
		<description></description>
		<content:encoded><![CDATA[]]></content:encoded>
		<excerpt:encoded><![CDATA[]]></excerpt:encoded>
		<wp:post_id>1130</wp:post_id>
		<wp:post_date>2011-09-25 08:22:04</wp:post_date>
		<wp:post_date_gmt>2011-09-25 08:22:04</wp:post_date_gmt>
		<wp:comment_status>closed</wp:comment_status>
		<wp:ping_status>closed</wp:ping_status>
		<wp:post_name>fullscreen-slideshow</wp:post_name>
		<wp:status>publish</wp:status>
		<wp:post_parent>0</wp:post_parent>
		<wp:menu_order>1</wp:menu_order>
		<wp:post_type>mtheme_featured</wp:post_type>
		<wp:post_password></wp:post_password>
		<wp:is_sticky>0</wp:is_sticky>
		<wp:postmeta>
			<wp:meta_key>_edit_last</wp:meta_key>
			<wp:meta_value><![CDATA[1]]></wp:meta_value>
		</wp:postmeta>
		<wp:postmeta>
			<wp:meta_key>fullscreen_type</wp:meta_key>
			<wp:meta_value><![CDATA[Slideshow-plus-captions]]></wp:meta_value>
		</wp:postmeta>
		<wp:postmeta>
			<wp:meta_key>fullscreen_video_id</wp:meta_key>
			<wp:meta_value><![CDATA[]]></wp:meta_value>
		</wp:postmeta>
		<wp:postmeta>
			<wp:meta_key>_thumbnail_id</wp:meta_key>
			<wp:meta_value><![CDATA[1333]]></wp:meta_value>
		</wp:postmeta>
		<wp:postmeta>
			<wp:meta_key>fullscreen_vimeo_id</wp:meta_key>
			<wp:meta_value><![CDATA[]]></wp:meta_value>
		</wp:postmeta>
		<wp:postmeta>
			<wp:meta_key>fullscreen_slideshow_audio_mp3</wp:meta_key>
			<wp:meta_value><![CDATA[]]></wp:meta_value>
		</wp:postmeta>
		<wp:postmeta>
			<wp:meta_key>fullscreen_slideshow_audio_oga</wp:meta_key>
			<wp:meta_value><![CDATA[]]></wp:meta_value>
		</wp:postmeta>
		<wp:postmeta>
			<wp:meta_key>fullscreen_slideshow_audio_m4a</wp:meta_key>
			<wp:meta_value><![CDATA[]]></wp:meta_value>
		</wp:postmeta>
		<wp:postmeta>
			<wp:meta_key>fullscreen_html_video</wp:meta_key>
			<wp:meta_value><![CDATA[]]></wp:meta_value>
		</wp:postmeta>
		<wp:postmeta>
			<wp:meta_key>slideshow_thumbnails</wp:meta_key>
			<wp:meta_value><![CDATA[Enable]]></wp:meta_value>
		</wp:postmeta>
	</item>
	<item>
		<title>Fullscreen with captions</title>
		<link>http://rsw.imaginemthemes.com/wp/fullscreen/fullscreen-with-thumbnails/</link>
		<pubDate>Sun, 25 Sep 2011 08:23:39 +0000</pubDate>
		<dc:creator>vortex</dc:creator>
		<guid isPermaLink="false">http://localhost/wpmu/photozen/?post_type=mtheme_featured&#038;p=1137</guid>
		<description></description>
		<content:encoded><![CDATA[]]></content:encoded>
		<excerpt:encoded><![CDATA[]]></excerpt:encoded>
		<wp:post_id>1137</wp:post_id>
		<wp:post_date>2011-09-25 08:23:39</wp:post_date>
		<wp:post_date_gmt>2011-09-25 08:23:39</wp:post_date_gmt>
		<wp:comment_status>closed</wp:comment_status>
		<wp:ping_status>closed</wp:ping_status>
		<wp:post_name>fullscreen-with-thumbnails</wp:post_name>
		<wp:status>publish</wp:status>
		<wp:post_parent>0</wp:post_parent>
		<wp:menu_order>0</wp:menu_order>
		<wp:post_type>mtheme_featured</wp:post_type>
		<wp:post_password></wp:post_password>
		<wp:is_sticky>0</wp:is_sticky>
		<wp:postmeta>
			<wp:meta_key>_edit_last</wp:meta_key>
			<wp:meta_value><![CDATA[2]]></wp:meta_value>
		</wp:postmeta>
		<wp:postmeta>
			<wp:meta_key>fullscreen_type</wp:meta_key>
			<wp:meta_value><![CDATA[Slideshow-plus-captions]]></wp:meta_value>
		</wp:postmeta>
		<wp:postmeta>
			<wp:meta_key>fullscreen_video_id</wp:meta_key>
			<wp:meta_value><![CDATA[]]></wp:meta_value>
		</wp:postmeta>
		<wp:postmeta>
			<wp:meta_key>fullscreen_vimeo_id</wp:meta_key>
			<wp:meta_value><![CDATA[]]></wp:meta_value>
		</wp:postmeta>
		<wp:postmeta>
			<wp:meta_key>fullscreen_slideshow_audio</wp:meta_key>
			<wp:meta_value><![CDATA[http://www.domain.org/fullscreen_slideshow_audio.ogg]]></wp:meta_value>
		</wp:postmeta>
		<wp:postmeta>
			<wp:meta_key>fullscreen_html_video</wp:meta_key>
			<wp:meta_value><![CDATA[]]></wp:meta_value>
		</wp:postmeta>
		<wp:postmeta>
			<wp:meta_key>_thumbnail_id</wp:meta_key>
			<wp:meta_value><![CDATA[1326]]></wp:meta_value>
		</wp:postmeta>
		<wp:postmeta>
			<wp:meta_key>fullscreen_slideshow_audio_mp3</wp:meta_key>
			<wp:meta_value><![CDATA[]]></wp:meta_value>
		</wp:postmeta>
		<wp:postmeta>
			<wp:meta_key>fullscreen_slideshow_audio_oga</wp:meta_key>
			<wp:meta_value><![CDATA[]]></wp:meta_value>
		</wp:postmeta>
		<wp:postmeta>
			<wp:meta_key>fullscreen_slideshow_audio_m4a</wp:meta_key>
			<wp:meta_value><![CDATA[]]></wp:meta_value>
		</wp:postmeta>
		<wp:postmeta>
			<wp:meta_key>slideshow_thumbnails</wp:meta_key>
			<wp:meta_value><![CDATA[Enable]]></wp:meta_value>
		</wp:postmeta>
	</item>
	<item>
		<title>Slideshow with audio</title>
		<link>http://rsw.imaginemthemes.com/wp/fullscreen/slideshow-with-audio/</link>
		<pubDate>Thu, 29 Sep 2011 16:07:38 +0000</pubDate>
		<dc:creator>vortex</dc:creator>
		<guid isPermaLink="false">http://photozen.imaginemthemes.com/wp/?post_type=mtheme_featured&#038;p=1269</guid>
		<description></description>
		<content:encoded><![CDATA[]]></content:encoded>
		<excerpt:encoded><![CDATA[]]></excerpt:encoded>
		<wp:post_id>1269</wp:post_id>
		<wp:post_date>2011-09-29 16:07:38</wp:post_date>
		<wp:post_date_gmt>2011-09-29 16:07:38</wp:post_date_gmt>
		<wp:comment_status>closed</wp:comment_status>
		<wp:ping_status>closed</wp:ping_status>
		<wp:post_name>slideshow-with-audio</wp:post_name>
		<wp:status>publish</wp:status>
		<wp:post_parent>0</wp:post_parent>
		<wp:menu_order>2</wp:menu_order>
		<wp:post_type>mtheme_featured</wp:post_type>
		<wp:post_password></wp:post_password>
		<wp:is_sticky>0</wp:is_sticky>
		<wp:postmeta>
			<wp:meta_key>slideshow_thumbnails</wp:meta_key>
			<wp:meta_value><![CDATA[Enable]]></wp:meta_value>
		</wp:postmeta>
		<wp:postmeta>
			<wp:meta_key>fullscreen_slideshow_audio_oga</wp:meta_key>
			<wp:meta_value><![CDATA[http://www.yourdomain.com/musicfile.ogg]]></wp:meta_value>
		</wp:postmeta>
		<wp:postmeta>
			<wp:meta_key>_edit_last</wp:meta_key>
			<wp:meta_value><![CDATA[1]]></wp:meta_value>
		</wp:postmeta>
		<wp:postmeta>
			<wp:meta_key>fullscreen_type</wp:meta_key>
			<wp:meta_value><![CDATA[Slideshow-plus-captions]]></wp:meta_value>
		</wp:postmeta>
		<wp:postmeta>
			<wp:meta_key>fullscreen_video_id</wp:meta_key>
			<wp:meta_value><![CDATA[]]></wp:meta_value>
		</wp:postmeta>
		<wp:postmeta>
			<wp:meta_key>fullscreen_vimeo_id</wp:meta_key>
			<wp:meta_value><![CDATA[]]></wp:meta_value>
		</wp:postmeta>
		<wp:postmeta>
			<wp:meta_key>fullscreen_slideshow_audio</wp:meta_key>
			<wp:meta_value><![CDATA[http://www.yourdomain.com/musicfile.ogg]]></wp:meta_value>
		</wp:postmeta>
		<wp:postmeta>
			<wp:meta_key>fullscreen_html_video</wp:meta_key>
			<wp:meta_value><![CDATA[]]></wp:meta_value>
		</wp:postmeta>
		<wp:postmeta>
			<wp:meta_key>fullscreen_slideshow_audio_mp3</wp:meta_key>
			<wp:meta_value><![CDATA[http://www.yourdomain.com/musicfile.mp3]]></wp:meta_value>
		</wp:postmeta>
		<wp:postmeta>
			<wp:meta_key>fullscreen_slideshow_audio_m4a</wp:meta_key>
			<wp:meta_value><![CDATA[http://www.yourdomain.com/musicfile.m4a]]></wp:meta_value>
		</wp:postmeta>
		<wp:postmeta>
			<wp:meta_key>_thumbnail_id</wp:meta_key>
			<wp:meta_value><![CDATA[1330]]></wp:meta_value>
		</wp:postmeta>
	</item>
	<item>
		<title>HTML5 Video</title>
		<link>http://rsw.imaginemthemes.com/wp/fullscreen/html5-video/</link>
		<pubDate>Thu, 29 Sep 2011 16:09:12 +0000</pubDate>
		<dc:creator>vortex</dc:creator>
		<guid isPermaLink="false">http://photozen.imaginemthemes.com/wp/?post_type=mtheme_featured&#038;p=1274</guid>
		<description></description>
		<content:encoded><![CDATA[]]></content:encoded>
		<excerpt:encoded><![CDATA[]]></excerpt:encoded>
		<wp:post_id>1318</wp:post_id>
		<wp:post_date>2011-09-29 16:09:12</wp:post_date>
		<wp:post_date_gmt>2011-09-29 16:09:12</wp:post_date_gmt>
		<wp:comment_status>closed</wp:comment_status>
		<wp:ping_status>closed</wp:ping_status>
		<wp:post_name>html5-video</wp:post_name>
		<wp:status>publish</wp:status>
		<wp:post_parent>0</wp:post_parent>
		<wp:menu_order>3</wp:menu_order>
		<wp:post_type>mtheme_featured</wp:post_type>
		<wp:post_password></wp:post_password>
		<wp:is_sticky>0</wp:is_sticky>
		<wp:postmeta>
			<wp:meta_key>slideshow_thumbnails</wp:meta_key>
			<wp:meta_value><![CDATA[Disable]]></wp:meta_value>
		</wp:postmeta>
		<wp:postmeta>
			<wp:meta_key>_edit_last</wp:meta_key>
			<wp:meta_value><![CDATA[2]]></wp:meta_value>
		</wp:postmeta>
		<wp:postmeta>
			<wp:meta_key>fullscreen_type</wp:meta_key>
			<wp:meta_value><![CDATA[Fullscreen-Video]]></wp:meta_value>
		</wp:postmeta>
		<wp:postmeta>
			<wp:meta_key>fullscreen_video_id</wp:meta_key>
			<wp:meta_value><![CDATA[]]></wp:meta_value>
		</wp:postmeta>
		<wp:postmeta>
			<wp:meta_key>fullscreen_vimeo_id</wp:meta_key>
			<wp:meta_value><![CDATA[]]></wp:meta_value>
		</wp:postmeta>
		<wp:postmeta>
			<wp:meta_key>fullscreen_slideshow_audio</wp:meta_key>
			<wp:meta_value><![CDATA[]]></wp:meta_value>
		</wp:postmeta>
		<wp:postmeta>
			<wp:meta_key>fullscreen_html_video</wp:meta_key>
			<wp:meta_value><![CDATA[http://www.yourdomain.com/video.mp4]]></wp:meta_value>
		</wp:postmeta>
		<wp:postmeta>
			<wp:meta_key>_thumbnail_id</wp:meta_key>
			<wp:meta_value><![CDATA[1339]]></wp:meta_value>
		</wp:postmeta>
		<wp:postmeta>
			<wp:meta_key>fullscreen_slideshow_audio_mp3</wp:meta_key>
			<wp:meta_value><![CDATA[]]></wp:meta_value>
		</wp:postmeta>
		<wp:postmeta>
			<wp:meta_key>fullscreen_slideshow_audio_oga</wp:meta_key>
			<wp:meta_value><![CDATA[]]></wp:meta_value>
		</wp:postmeta>
		<wp:postmeta>
			<wp:meta_key>fullscreen_slideshow_audio_m4a</wp:meta_key>
			<wp:meta_value><![CDATA[]]></wp:meta_value>
		</wp:postmeta>
	</item>
	<item>
		<title>Vimeo video</title>
		<link>http://rsw.imaginemthemes.com/wp/fullscreen/vimeo-video/</link>
		<pubDate>Thu, 29 Sep 2011 16:10:49 +0000</pubDate>
		<dc:creator>vortex</dc:creator>
		<guid isPermaLink="false">http://photozen.imaginemthemes.com/wp/?post_type=mtheme_featured&#038;p=1275</guid>
		<description></description>
		<content:encoded><![CDATA[]]></content:encoded>
		<excerpt:encoded><![CDATA[]]></excerpt:encoded>
		<wp:post_id>1319</wp:post_id>
		<wp:post_date>2011-09-29 16:10:49</wp:post_date>
		<wp:post_date_gmt>2011-09-29 16:10:49</wp:post_date_gmt>
		<wp:comment_status>closed</wp:comment_status>
		<wp:ping_status>closed</wp:ping_status>
		<wp:post_name>vimeo-video</wp:post_name>
		<wp:status>publish</wp:status>
		<wp:post_parent>0</wp:post_parent>
		<wp:menu_order>4</wp:menu_order>
		<wp:post_type>mtheme_featured</wp:post_type>
		<wp:post_password></wp:post_password>
		<wp:is_sticky>0</wp:is_sticky>
		<wp:postmeta>
			<wp:meta_key>_edit_last</wp:meta_key>
			<wp:meta_value><![CDATA[1]]></wp:meta_value>
		</wp:postmeta>
		<wp:postmeta>
			<wp:meta_key>fullscreen_type</wp:meta_key>
			<wp:meta_value><![CDATA[Fullscreen-Video]]></wp:meta_value>
		</wp:postmeta>
		<wp:postmeta>
			<wp:meta_key>fullscreen_video_id</wp:meta_key>
			<wp:meta_value><![CDATA[]]></wp:meta_value>
		</wp:postmeta>
		<wp:postmeta>
			<wp:meta_key>fullscreen_vimeo_id</wp:meta_key>
			<wp:meta_value><![CDATA[38409143]]></wp:meta_value>
		</wp:postmeta>
		<wp:postmeta>
			<wp:meta_key>fullscreen_slideshow_audio</wp:meta_key>
			<wp:meta_value><![CDATA[]]></wp:meta_value>
		</wp:postmeta>
		<wp:postmeta>
			<wp:meta_key>fullscreen_html_video</wp:meta_key>
			<wp:meta_value><![CDATA[]]></wp:meta_value>
		</wp:postmeta>
		<wp:postmeta>
			<wp:meta_key>_thumbnail_id</wp:meta_key>
			<wp:meta_value><![CDATA[1338]]></wp:meta_value>
		</wp:postmeta>
		<wp:postmeta>
			<wp:meta_key>fullscreen_slideshow_audio_mp3</wp:meta_key>
			<wp:meta_value><![CDATA[]]></wp:meta_value>
		</wp:postmeta>
		<wp:postmeta>
			<wp:meta_key>fullscreen_slideshow_audio_oga</wp:meta_key>
			<wp:meta_value><![CDATA[]]></wp:meta_value>
		</wp:postmeta>
		<wp:postmeta>
			<wp:meta_key>fullscreen_slideshow_audio_m4a</wp:meta_key>
			<wp:meta_value><![CDATA[]]></wp:meta_value>
		</wp:postmeta>
		<wp:postmeta>
			<wp:meta_key>slideshow_thumbnails</wp:meta_key>
			<wp:meta_value><![CDATA[Disable]]></wp:meta_value>
		</wp:postmeta>
	</item>
</channel>
</rss>
