<?xml version="1.0" encoding="UTF-8" ?>
<!-- This is a WordPress eXtended RSS file generated by WordPress as an export of your site. -->
<!-- It contains information about your site's posts, pages, comments, categories, and other content. -->
<!-- You may use this file to transfer that content from one site to another. -->
<!-- This file is not intended to serve as a complete backup of your site. -->

<!-- To import this information into a WordPress site follow these steps: -->
<!-- 1. Log in to that site as an administrator. -->
<!-- 2. Go to Tools: Import in the WordPress admin panel. -->
<!-- 3. Install the "WordPress" importer from the list. -->
<!-- 4. Activate & Run Importer. -->
<!-- 5. Upload this file using the form provided on that page. -->
<!-- 6. You will first be asked to map the authors in this export file to users -->
<!--    on the site. For each author, you may choose to map to an -->
<!--    existing user on the site or to create a new user. -->
<!-- 7. WordPress will then import each of the posts, pages, comments, categories, etc. -->
<!--    contained in this file into your site. -->

<!-- generator="WordPress/3.3.1" created="2012-04-02 19:20" -->
<rss version="2.0"
	xmlns:excerpt="http://wordpress.org/export/1.1/excerpt/"
	xmlns:content="http://purl.org/rss/1.0/modules/content/"
	xmlns:wfw="http://wellformedweb.org/CommentAPI/"
	xmlns:dc="http://purl.org/dc/elements/1.1/"
	xmlns:wp="http://wordpress.org/export/1.1/"
>

<channel>
	<title>Responsive Fullscreen Studio WordPress Theme</title>
	<link>http://rsw.imaginemthemes.com/wp</link>
	<description>Just another Imaginem Themes site</description>
	<pubDate>Mon, 02 Apr 2012 19:20:08 +0000</pubDate>
	<language>en</language>
	<wp:wxr_version>1.1</wp:wxr_version>
	<wp:base_site_url>http://imaginemthemes.com/wp/</wp:base_site_url>
	<wp:base_blog_url>http://rsw.imaginemthemes.com/wp</wp:base_blog_url>

	<wp:author><wp:author_id>1</wp:author_id><wp:author_login>admin</wp:author_login><wp:author_email>imagine@dhinet.net.mv</wp:author_email><wp:author_display_name><![CDATA[mondre]]></wp:author_display_name><wp:author_first_name><![CDATA[]]></wp:author_first_name><wp:author_last_name><![CDATA[]]></wp:author_last_name></wp:author>
	<wp:author><wp:author_id>2</wp:author_id><wp:author_login>vortex</wp:author_login><wp:author_email>imagine.themes@gmail.com</wp:author_email><wp:author_display_name><![CDATA[mondre]]></wp:author_display_name><wp:author_first_name><![CDATA[]]></wp:author_first_name><wp:author_last_name><![CDATA[]]></wp:author_last_name></wp:author>


	<generator>http://wordpress.org/?v=3.3.1</generator>

	<item>
		<title>This is link</title>
		<link>http://rsw.imaginemthemes.com/wp/2011/08/22/this-is-link/</link>
		<pubDate>Mon, 22 Aug 2011 10:29:51 +0000</pubDate>
		<dc:creator>vortex</dc:creator>
		<guid isPermaLink="false">http://localhost/wpmu/photobox/?p=9</guid>
		<description></description>
		<content:encoded><![CDATA[Lorem ipsum dolor sit amet, consectetur adipiscing elit. Phasellus blandit porta tellus non vulputate. Nam in nulla ut augue bibendum aliquet eget eu velit. Suspendisse non ligula sit amet felis volutpat hendrerit eu ac odio. Etiam elementum dui vel libero laoreet sagittis. Vestibulum ac elit orci, et cursus mauris. Nulla vehicula lorem odio. Mauris vel mauris justo, sed adipiscing neque. Nam ipsum dolor, congue ac vestibulum eget, luctus nec ipsum]]></content:encoded>
		<excerpt:encoded><![CDATA[]]></excerpt:encoded>
		<wp:post_id>9</wp:post_id>
		<wp:post_date>2011-08-22 10:29:51</wp:post_date>
		<wp:post_date_gmt>2011-08-22 10:29:51</wp:post_date_gmt>
		<wp:comment_status>open</wp:comment_status>
		<wp:ping_status>open</wp:ping_status>
		<wp:post_name>this-is-link</wp:post_name>
		<wp:status>publish</wp:status>
		<wp:post_parent>0</wp:post_parent>
		<wp:menu_order>0</wp:menu_order>
		<wp:post_type>post</wp:post_type>
		<wp:post_password></wp:post_password>
		<wp:is_sticky>0</wp:is_sticky>
		<category domain="category" nicename="post-format-link"><![CDATA[Link]]></category>
		<category domain="post_format" nicename="post-format-link"><![CDATA[Link]]></category>
		<category domain="category" nicename="post-formats"><![CDATA[Post formats]]></category>
		<wp:postmeta>
			<wp:meta_key>_edit_last</wp:meta_key>
			<wp:meta_value><![CDATA[1]]></wp:meta_value>
		</wp:postmeta>
		<wp:postmeta>
			<wp:meta_key>catalyst_meta_link</wp:meta_key>
			<wp:meta_value><![CDATA[http://www.domain.com/path/]]></wp:meta_value>
		</wp:postmeta>
		<wp:postmeta>
			<wp:meta_key>catalyst_meta_lightbox</wp:meta_key>
			<wp:meta_value><![CDATA[Enable Lightbox]]></wp:meta_value>
		</wp:postmeta>
		<wp:postmeta>
			<wp:meta_key>photozen_meta_background_choice</wp:meta_key>
			<wp:meta_value><![CDATA[Theme options set image]]></wp:meta_value>
		</wp:postmeta>
		<wp:postmeta>
			<wp:meta_key>photozen_sidebar_choice</wp:meta_key>
			<wp:meta_value><![CDATA[Default Sidebar]]></wp:meta_value>
		</wp:postmeta>
		<wp:postmeta>
			<wp:meta_key>photozen_portfolio_style</wp:meta_key>
			<wp:meta_value><![CDATA[Default Sidebar]]></wp:meta_value>
		</wp:postmeta>
		<wp:postmeta>
			<wp:meta_key>photozen_portfolio_category</wp:meta_key>
			<wp:meta_value><![CDATA[Default Sidebar]]></wp:meta_value>
		</wp:postmeta>
		<wp:postmeta>
			<wp:meta_key>photozen_portfolio_link</wp:meta_key>
			<wp:meta_value><![CDATA[Default Sidebar]]></wp:meta_value>
		</wp:postmeta>
		<wp:postmeta>
			<wp:meta_key>photozen_portfolio_perpage</wp:meta_key>
			<wp:meta_value><![CDATA[Default Sidebar]]></wp:meta_value>
		</wp:postmeta>
		<wp:postmeta>
			<wp:meta_key>photozen_meta_link</wp:meta_key>
			<wp:meta_value><![CDATA[http://www.google.com]]></wp:meta_value>
		</wp:postmeta>
		<wp:postmeta>
			<wp:meta_key>photozen_meta_lightbox</wp:meta_key>
			<wp:meta_value><![CDATA[Enable Lightbox]]></wp:meta_value>
		</wp:postmeta>
		<wp:postmeta>
			<wp:meta_key>mtheme_p2_sidebar_choice</wp:meta_key>
			<wp:meta_value><![CDATA[Default Sidebar]]></wp:meta_value>
		</wp:postmeta>
		<wp:postmeta>
			<wp:meta_key>mtheme_p2_meta_background_choice</wp:meta_key>
			<wp:meta_value><![CDATA[Background Slideshow]]></wp:meta_value>
		</wp:postmeta>
		<wp:postmeta>
			<wp:meta_key>mtheme_p2_portfolio_style</wp:meta_key>
			<wp:meta_value><![CDATA[Default Sidebar]]></wp:meta_value>
		</wp:postmeta>
		<wp:postmeta>
			<wp:meta_key>mtheme_p2_portfolio_category</wp:meta_key>
			<wp:meta_value><![CDATA[Default Sidebar]]></wp:meta_value>
		</wp:postmeta>
		<wp:postmeta>
			<wp:meta_key>mtheme_p2_portfolio_link</wp:meta_key>
			<wp:meta_value><![CDATA[Default Sidebar]]></wp:meta_value>
		</wp:postmeta>
		<wp:postmeta>
			<wp:meta_key>mtheme_p2_portfolio_perpage</wp:meta_key>
			<wp:meta_value><![CDATA[Default Sidebar]]></wp:meta_value>
		</wp:postmeta>
		<wp:postmeta>
			<wp:meta_key>mtheme_p2_meta_lightbox</wp:meta_key>
			<wp:meta_value><![CDATA[Enable Lightbox]]></wp:meta_value>
		</wp:postmeta>
		<wp:postmeta>
			<wp:meta_key>mtheme_p2_meta_link</wp:meta_key>
			<wp:meta_value><![CDATA[http://themeforest.net/user/imaginem/portfolio]]></wp:meta_value>
		</wp:postmeta>
	</item>
	<item>
		<title>This is a gallery</title>
		<link>http://rsw.imaginemthemes.com/wp/2011/08/22/this-is-a-gallery/</link>
		<pubDate>Mon, 22 Aug 2011 10:31:55 +0000</pubDate>
		<dc:creator>vortex</dc:creator>
		<guid isPermaLink="false">http://localhost/wpmu/photobox/?p=11</guid>
		<description></description>
		<content:encoded><![CDATA[Vivamus vel mi lorem. Sed vitae felis nisl, at venenatis tortor. In at velit ac turpis aliquam volutpat. Ut et nibh augue. Integer imperdiet convallis massa nec gravida. Sed eleifend porta urna. Praesent non nisi tellus, ut lobortis massa. Sed pretium pretium elit et vulputate. Quisque nec justo lacus. Phasellus tristique sapien ut dui sagittis feugiat. Pellentesque quis leo vitae magna vulputate ultrices quis vitae justo. Nulla vel imperdiet augue.]]></content:encoded>
		<excerpt:encoded><![CDATA[]]></excerpt:encoded>
		<wp:post_id>11</wp:post_id>
		<wp:post_date>2011-08-22 10:31:55</wp:post_date>
		<wp:post_date_gmt>2011-08-22 10:31:55</wp:post_date_gmt>
		<wp:comment_status>open</wp:comment_status>
		<wp:ping_status>open</wp:ping_status>
		<wp:post_name>this-is-a-gallery</wp:post_name>
		<wp:status>publish</wp:status>
		<wp:post_parent>0</wp:post_parent>
		<wp:menu_order>0</wp:menu_order>
		<wp:post_type>post</wp:post_type>
		<wp:post_password></wp:post_password>
		<wp:is_sticky>0</wp:is_sticky>
		<category domain="category" nicename="post-format-gallery"><![CDATA[Gallery]]></category>
		<category domain="post_format" nicename="post-format-gallery"><![CDATA[Gallery]]></category>
		<category domain="category" nicename="news"><![CDATA[News]]></category>
		<category domain="category" nicename="post-formats"><![CDATA[Post formats]]></category>
		<wp:postmeta>
			<wp:meta_key>_edit_last</wp:meta_key>
			<wp:meta_value><![CDATA[1]]></wp:meta_value>
		</wp:postmeta>
		<wp:postmeta>
			<wp:meta_key>catalyst_meta_lightbox</wp:meta_key>
			<wp:meta_value><![CDATA[Enable Lightbox]]></wp:meta_value>
		</wp:postmeta>
		<wp:postmeta>
			<wp:meta_key>catalyst_meta_gallery_height</wp:meta_key>
			<wp:meta_value><![CDATA[320]]></wp:meta_value>
		</wp:postmeta>
		<wp:postmeta>
			<wp:meta_key>catalyst_meta_background_choice</wp:meta_key>
			<wp:meta_value><![CDATA[Theme options set image]]></wp:meta_value>
		</wp:postmeta>
		<wp:postmeta>
			<wp:meta_key>catalyst_sidebar_choice</wp:meta_key>
			<wp:meta_value><![CDATA[Default Sidebar]]></wp:meta_value>
		</wp:postmeta>
		<wp:postmeta>
			<wp:meta_key>catalyst_portfolio_style</wp:meta_key>
			<wp:meta_value><![CDATA[Default Sidebar]]></wp:meta_value>
		</wp:postmeta>
		<wp:postmeta>
			<wp:meta_key>catalyst_portfolio_category</wp:meta_key>
			<wp:meta_value><![CDATA[Default Sidebar]]></wp:meta_value>
		</wp:postmeta>
		<wp:postmeta>
			<wp:meta_key>catalyst_portfolio_link</wp:meta_key>
			<wp:meta_value><![CDATA[Default Sidebar]]></wp:meta_value>
		</wp:postmeta>
		<wp:postmeta>
			<wp:meta_key>catalyst_portfolio_perpage</wp:meta_key>
			<wp:meta_value><![CDATA[Default Sidebar]]></wp:meta_value>
		</wp:postmeta>
		<wp:postmeta>
			<wp:meta_key>_thumbnail_id</wp:meta_key>
			<wp:meta_value><![CDATA[1626]]></wp:meta_value>
		</wp:postmeta>
		<wp:postmeta>
			<wp:meta_key>photozen_meta_background_choice</wp:meta_key>
			<wp:meta_value><![CDATA[Theme options set image]]></wp:meta_value>
		</wp:postmeta>
		<wp:postmeta>
			<wp:meta_key>photozen_sidebar_choice</wp:meta_key>
			<wp:meta_value><![CDATA[Default Sidebar]]></wp:meta_value>
		</wp:postmeta>
		<wp:postmeta>
			<wp:meta_key>photozen_portfolio_style</wp:meta_key>
			<wp:meta_value><![CDATA[Default Sidebar]]></wp:meta_value>
		</wp:postmeta>
		<wp:postmeta>
			<wp:meta_key>photozen_portfolio_category</wp:meta_key>
			<wp:meta_value><![CDATA[Default Sidebar]]></wp:meta_value>
		</wp:postmeta>
		<wp:postmeta>
			<wp:meta_key>photozen_portfolio_link</wp:meta_key>
			<wp:meta_value><![CDATA[Default Sidebar]]></wp:meta_value>
		</wp:postmeta>
		<wp:postmeta>
			<wp:meta_key>photozen_portfolio_perpage</wp:meta_key>
			<wp:meta_value><![CDATA[Default Sidebar]]></wp:meta_value>
		</wp:postmeta>
		<wp:postmeta>
			<wp:meta_key>photozen_meta_lightbox</wp:meta_key>
			<wp:meta_value><![CDATA[Enable Lightbox]]></wp:meta_value>
		</wp:postmeta>
		<wp:postmeta>
			<wp:meta_key>photozen_meta_gallery_height</wp:meta_key>
			<wp:meta_value><![CDATA[450]]></wp:meta_value>
		</wp:postmeta>
		<wp:postmeta>
			<wp:meta_key>mtheme_p2_sidebar_choice</wp:meta_key>
			<wp:meta_value><![CDATA[Default Sidebar]]></wp:meta_value>
		</wp:postmeta>
		<wp:postmeta>
			<wp:meta_key>mtheme_p2_meta_background_choice</wp:meta_key>
			<wp:meta_value><![CDATA[Background Slideshow]]></wp:meta_value>
		</wp:postmeta>
		<wp:postmeta>
			<wp:meta_key>mtheme_p2_portfolio_style</wp:meta_key>
			<wp:meta_value><![CDATA[Default Sidebar]]></wp:meta_value>
		</wp:postmeta>
		<wp:postmeta>
			<wp:meta_key>mtheme_p2_portfolio_category</wp:meta_key>
			<wp:meta_value><![CDATA[Default Sidebar]]></wp:meta_value>
		</wp:postmeta>
		<wp:postmeta>
			<wp:meta_key>mtheme_p2_portfolio_link</wp:meta_key>
			<wp:meta_value><![CDATA[Default Sidebar]]></wp:meta_value>
		</wp:postmeta>
		<wp:postmeta>
			<wp:meta_key>mtheme_p2_portfolio_perpage</wp:meta_key>
			<wp:meta_value><![CDATA[Default Sidebar]]></wp:meta_value>
		</wp:postmeta>
		<wp:postmeta>
			<wp:meta_key>mtheme_p2_meta_lightbox</wp:meta_key>
			<wp:meta_value><![CDATA[Enable Lightbox]]></wp:meta_value>
		</wp:postmeta>
	</item>
	<item>
		<title>An audio post</title>
		<link>http://rsw.imaginemthemes.com/wp/2011/08/22/this-is-an-audio-post/</link>
		<pubDate>Mon, 22 Aug 2011 11:58:18 +0000</pubDate>
		<dc:creator>vortex</dc:creator>
		<guid isPermaLink="false">http://localhost/wpmu/photobox/?p=16</guid>
		<description></description>
		<content:encoded><![CDATA[Vivamus vel mi lorem. Sed vitae felis nisl, at venenatis tortor. In at velit ac turpis aliquam volutpat. Ut et nibh augue. Integer imperdiet convallis massa nec gravida. Sed eleifend porta urna. Praesent non nisi tellus.]]></content:encoded>
		<excerpt:encoded><![CDATA[]]></excerpt:encoded>
		<wp:post_id>16</wp:post_id>
		<wp:post_date>2011-08-22 11:58:18</wp:post_date>
		<wp:post_date_gmt>2011-08-22 11:58:18</wp:post_date_gmt>
		<wp:comment_status>open</wp:comment_status>
		<wp:ping_status>open</wp:ping_status>
		<wp:post_name>this-is-an-audio-post</wp:post_name>
		<wp:status>publish</wp:status>
		<wp:post_parent>0</wp:post_parent>
		<wp:menu_order>0</wp:menu_order>
		<wp:post_type>post</wp:post_type>
		<wp:post_password></wp:post_password>
		<wp:is_sticky>0</wp:is_sticky>
		<category domain="category" nicename="post-format-audio"><![CDATA[Audio]]></category>
		<category domain="post_format" nicename="post-format-audio"><![CDATA[Audio]]></category>
		<category domain="category" nicename="post-formats"><![CDATA[Post formats]]></category>
		<wp:postmeta>
			<wp:meta_key>_edit_last</wp:meta_key>
			<wp:meta_value><![CDATA[1]]></wp:meta_value>
		</wp:postmeta>
		<wp:postmeta>
			<wp:meta_key>catalyst_meta_lightbox</wp:meta_key>
			<wp:meta_value><![CDATA[Enable Lightbox]]></wp:meta_value>
		</wp:postmeta>
		<wp:postmeta>
			<wp:meta_key>catalyst_meta_background_choice</wp:meta_key>
			<wp:meta_value><![CDATA[Theme options set image]]></wp:meta_value>
		</wp:postmeta>
		<wp:postmeta>
			<wp:meta_key>catalyst_sidebar_choice</wp:meta_key>
			<wp:meta_value><![CDATA[Default Sidebar]]></wp:meta_value>
		</wp:postmeta>
		<wp:postmeta>
			<wp:meta_key>catalyst_portfolio_style</wp:meta_key>
			<wp:meta_value><![CDATA[Default Sidebar]]></wp:meta_value>
		</wp:postmeta>
		<wp:postmeta>
			<wp:meta_key>catalyst_portfolio_category</wp:meta_key>
			<wp:meta_value><![CDATA[Default Sidebar]]></wp:meta_value>
		</wp:postmeta>
		<wp:postmeta>
			<wp:meta_key>catalyst_portfolio_link</wp:meta_key>
			<wp:meta_value><![CDATA[Default Sidebar]]></wp:meta_value>
		</wp:postmeta>
		<wp:postmeta>
			<wp:meta_key>catalyst_portfolio_perpage</wp:meta_key>
			<wp:meta_value><![CDATA[Default Sidebar]]></wp:meta_value>
		</wp:postmeta>
		<wp:postmeta>
			<wp:meta_key>catalyst_meta_audio_m4a</wp:meta_key>
			<wp:meta_value><![CDATA[http://www.jplayer.org/audio/m4a/Miaow-07-Bubble.m4a]]></wp:meta_value>
		</wp:postmeta>
		<wp:postmeta>
			<wp:meta_key>catalyst_meta_audio_ogg</wp:meta_key>
			<wp:meta_value><![CDATA[http://www.jplayer.org/audio/ogg/Miaow-07-Bubble.ogg]]></wp:meta_value>
		</wp:postmeta>
		<wp:postmeta>
			<wp:meta_key>photozen_meta_background_choice</wp:meta_key>
			<wp:meta_value><![CDATA[Theme options set image]]></wp:meta_value>
		</wp:postmeta>
		<wp:postmeta>
			<wp:meta_key>photozen_sidebar_choice</wp:meta_key>
			<wp:meta_value><![CDATA[Default Sidebar]]></wp:meta_value>
		</wp:postmeta>
		<wp:postmeta>
			<wp:meta_key>photozen_portfolio_style</wp:meta_key>
			<wp:meta_value><![CDATA[Default Sidebar]]></wp:meta_value>
		</wp:postmeta>
		<wp:postmeta>
			<wp:meta_key>photozen_portfolio_category</wp:meta_key>
			<wp:meta_value><![CDATA[Default Sidebar]]></wp:meta_value>
		</wp:postmeta>
		<wp:postmeta>
			<wp:meta_key>photozen_portfolio_link</wp:meta_key>
			<wp:meta_value><![CDATA[Default Sidebar]]></wp:meta_value>
		</wp:postmeta>
		<wp:postmeta>
			<wp:meta_key>photozen_portfolio_perpage</wp:meta_key>
			<wp:meta_value><![CDATA[Default Sidebar]]></wp:meta_value>
		</wp:postmeta>
		<wp:postmeta>
			<wp:meta_key>photozen_meta_audio_mp3</wp:meta_key>
			<wp:meta_value><![CDATA[http://www.yourdomain.com/musicfile.mp3]]></wp:meta_value>
		</wp:postmeta>
		<wp:postmeta>
			<wp:meta_key>photozen_meta_audio_ogg</wp:meta_key>
			<wp:meta_value><![CDATA[http://www.yourdomain.com/musicfile.ogg]]></wp:meta_value>
		</wp:postmeta>
		<wp:postmeta>
			<wp:meta_key>photozen_meta_lightbox</wp:meta_key>
			<wp:meta_value><![CDATA[Enable Lightbox]]></wp:meta_value>
		</wp:postmeta>
		<wp:postmeta>
			<wp:meta_key>photozen_meta_audio_m4a</wp:meta_key>
			<wp:meta_value><![CDATA[http://www.yourdomain.com/musicfile.m4a]]></wp:meta_value>
		</wp:postmeta>
		<wp:postmeta>
			<wp:meta_key>mtheme_p2_sidebar_choice</wp:meta_key>
			<wp:meta_value><![CDATA[Default Sidebar]]></wp:meta_value>
		</wp:postmeta>
		<wp:postmeta>
			<wp:meta_key>mtheme_p2_meta_background_choice</wp:meta_key>
			<wp:meta_value><![CDATA[Background Slideshow]]></wp:meta_value>
		</wp:postmeta>
		<wp:postmeta>
			<wp:meta_key>mtheme_p2_portfolio_style</wp:meta_key>
			<wp:meta_value><![CDATA[Default Sidebar]]></wp:meta_value>
		</wp:postmeta>
		<wp:postmeta>
			<wp:meta_key>mtheme_p2_portfolio_category</wp:meta_key>
			<wp:meta_value><![CDATA[Default Sidebar]]></wp:meta_value>
		</wp:postmeta>
		<wp:postmeta>
			<wp:meta_key>mtheme_p2_portfolio_link</wp:meta_key>
			<wp:meta_value><![CDATA[Default Sidebar]]></wp:meta_value>
		</wp:postmeta>
		<wp:postmeta>
			<wp:meta_key>mtheme_p2_portfolio_perpage</wp:meta_key>
			<wp:meta_value><![CDATA[Default Sidebar]]></wp:meta_value>
		</wp:postmeta>
		<wp:postmeta>
			<wp:meta_key>mtheme_p2_meta_audio_mp3</wp:meta_key>
			<wp:meta_value><![CDATA[http://www.yourdomain.com/musicfile.mp3]]></wp:meta_value>
		</wp:postmeta>
		<wp:postmeta>
			<wp:meta_key>mtheme_p2_meta_audio_m4a</wp:meta_key>
			<wp:meta_value><![CDATA[http://www.yourdomain.com/musicfile.m4a]]></wp:meta_value>
		</wp:postmeta>
		<wp:postmeta>
			<wp:meta_key>mtheme_p2_meta_audio_ogg</wp:meta_key>
			<wp:meta_value><![CDATA[http://www.yourdomain.com/musicfile.ogg]]></wp:meta_value>
		</wp:postmeta>
		<wp:postmeta>
			<wp:meta_key>mtheme_p2_meta_lightbox</wp:meta_key>
			<wp:meta_value><![CDATA[Enable Lightbox]]></wp:meta_value>
		</wp:postmeta>
	</item>
	<item>
		<title>Self hosted video</title>
		<link>http://rsw.imaginemthemes.com/wp/2011/08/22/a-video-post/</link>
		<pubDate>Mon, 22 Aug 2011 11:58:51 +0000</pubDate>
		<dc:creator>vortex</dc:creator>
		<guid isPermaLink="false">http://localhost/wpmu/photobox/?p=18</guid>
		<description></description>
		<content:encoded><![CDATA[Vivamus vel mi lorem. Sed vitae felis nisl, at venenatis tortor. In at velit ac turpis aliquam volutpat. Ut et nibh augue. Integer imperdiet convallis massa nec gravida. Sed eleifend porta urna.]]></content:encoded>
		<excerpt:encoded><![CDATA[]]></excerpt:encoded>
		<wp:post_id>18</wp:post_id>
		<wp:post_date>2011-08-22 11:58:51</wp:post_date>
		<wp:post_date_gmt>2011-08-22 11:58:51</wp:post_date_gmt>
		<wp:comment_status>open</wp:comment_status>
		<wp:ping_status>open</wp:ping_status>
		<wp:post_name>a-video-post</wp:post_name>
		<wp:status>publish</wp:status>
		<wp:post_parent>0</wp:post_parent>
		<wp:menu_order>0</wp:menu_order>
		<wp:post_type>post</wp:post_type>
		<wp:post_password></wp:post_password>
		<wp:is_sticky>0</wp:is_sticky>
		<category domain="category" nicename="post-formats"><![CDATA[Post formats]]></category>
		<category domain="category" nicename="post-format-video"><![CDATA[Video]]></category>
		<category domain="post_format" nicename="post-format-video"><![CDATA[Video]]></category>
		<wp:postmeta>
			<wp:meta_key>catalyst_portfolio_style</wp:meta_key>
			<wp:meta_value><![CDATA[Default Sidebar]]></wp:meta_value>
		</wp:postmeta>
		<wp:postmeta>
			<wp:meta_key>catalyst_sidebar_choice</wp:meta_key>
			<wp:meta_value><![CDATA[Default Sidebar]]></wp:meta_value>
		</wp:postmeta>
		<wp:postmeta>
			<wp:meta_key>catalyst_meta_background_choice</wp:meta_key>
			<wp:meta_value><![CDATA[Theme options set image]]></wp:meta_value>
		</wp:postmeta>
		<wp:postmeta>
			<wp:meta_key>_edit_last</wp:meta_key>
			<wp:meta_value><![CDATA[1]]></wp:meta_value>
		</wp:postmeta>
		<wp:postmeta>
			<wp:meta_key>catalyst_meta_lightbox</wp:meta_key>
			<wp:meta_value><![CDATA[Enable Lightbox]]></wp:meta_value>
		</wp:postmeta>
		<wp:postmeta>
			<wp:meta_key>catalyst_video_m4v_file</wp:meta_key>
			<wp:meta_value><![CDATA[http://www.yourdomain.com/video.m4v]]></wp:meta_value>
		</wp:postmeta>
		<wp:postmeta>
			<wp:meta_key>catalyst_video_ogv_file</wp:meta_key>
			<wp:meta_value><![CDATA[http://www.yourdomain.com/video.ogv]]></wp:meta_value>
		</wp:postmeta>
		<wp:postmeta>
			<wp:meta_key>catalyst_video_poster_file</wp:meta_key>
			<wp:meta_value><![CDATA[http://www.yourdomain.com/image.png]]></wp:meta_value>
		</wp:postmeta>
		<wp:postmeta>
			<wp:meta_key>catalyst_portfolio_category</wp:meta_key>
			<wp:meta_value><![CDATA[Default Sidebar]]></wp:meta_value>
		</wp:postmeta>
		<wp:postmeta>
			<wp:meta_key>catalyst_portfolio_link</wp:meta_key>
			<wp:meta_value><![CDATA[Default Sidebar]]></wp:meta_value>
		</wp:postmeta>
		<wp:postmeta>
			<wp:meta_key>catalyst_portfolio_perpage</wp:meta_key>
			<wp:meta_value><![CDATA[Default Sidebar]]></wp:meta_value>
		</wp:postmeta>
		<wp:postmeta>
			<wp:meta_key>catalyst_video_height</wp:meta_key>
			<wp:meta_value><![CDATA[286]]></wp:meta_value>
		</wp:postmeta>
		<wp:postmeta>
			<wp:meta_key>photozen_meta_background_choice</wp:meta_key>
			<wp:meta_value><![CDATA[Theme options set image]]></wp:meta_value>
		</wp:postmeta>
		<wp:postmeta>
			<wp:meta_key>photozen_sidebar_choice</wp:meta_key>
			<wp:meta_value><![CDATA[Default Sidebar]]></wp:meta_value>
		</wp:postmeta>
		<wp:postmeta>
			<wp:meta_key>photozen_portfolio_style</wp:meta_key>
			<wp:meta_value><![CDATA[Default Sidebar]]></wp:meta_value>
		</wp:postmeta>
		<wp:postmeta>
			<wp:meta_key>photozen_portfolio_category</wp:meta_key>
			<wp:meta_value><![CDATA[Default Sidebar]]></wp:meta_value>
		</wp:postmeta>
		<wp:postmeta>
			<wp:meta_key>photozen_portfolio_link</wp:meta_key>
			<wp:meta_value><![CDATA[Default Sidebar]]></wp:meta_value>
		</wp:postmeta>
		<wp:postmeta>
			<wp:meta_key>photozen_portfolio_perpage</wp:meta_key>
			<wp:meta_value><![CDATA[Default Sidebar]]></wp:meta_value>
		</wp:postmeta>
		<wp:postmeta>
			<wp:meta_key>photozen_meta_lightbox</wp:meta_key>
			<wp:meta_value><![CDATA[Enable Lightbox]]></wp:meta_value>
		</wp:postmeta>
		<wp:postmeta>
			<wp:meta_key>photozen_video_m4v_file</wp:meta_key>
			<wp:meta_value><![CDATA[http://www.yourdomain.com/video.m4v]]></wp:meta_value>
		</wp:postmeta>
		<wp:postmeta>
			<wp:meta_key>photozen_video_ogv_file</wp:meta_key>
			<wp:meta_value><![CDATA[http://www.yourdomain.com/video.ogv]]></wp:meta_value>
		</wp:postmeta>
		<wp:postmeta>
			<wp:meta_key>photozen_video_poster_file</wp:meta_key>
			<wp:meta_value><![CDATA[http://www.yourdomain.com/image.png]]></wp:meta_value>
		</wp:postmeta>
		<wp:postmeta>
			<wp:meta_key>photozen_video_height</wp:meta_key>
			<wp:meta_value><![CDATA[368]]></wp:meta_value>
		</wp:postmeta>
		<wp:postmeta>
			<wp:meta_key>mtheme_p2_sidebar_choice</wp:meta_key>
			<wp:meta_value><![CDATA[Default Sidebar]]></wp:meta_value>
		</wp:postmeta>
		<wp:postmeta>
			<wp:meta_key>mtheme_p2_meta_background_choice</wp:meta_key>
			<wp:meta_value><![CDATA[Theme options set image]]></wp:meta_value>
		</wp:postmeta>
		<wp:postmeta>
			<wp:meta_key>mtheme_p2_portfolio_style</wp:meta_key>
			<wp:meta_value><![CDATA[Default Sidebar]]></wp:meta_value>
		</wp:postmeta>
		<wp:postmeta>
			<wp:meta_key>mtheme_p2_portfolio_category</wp:meta_key>
			<wp:meta_value><![CDATA[Default Sidebar]]></wp:meta_value>
		</wp:postmeta>
		<wp:postmeta>
			<wp:meta_key>mtheme_p2_portfolio_link</wp:meta_key>
			<wp:meta_value><![CDATA[Default Sidebar]]></wp:meta_value>
		</wp:postmeta>
		<wp:postmeta>
			<wp:meta_key>mtheme_p2_portfolio_perpage</wp:meta_key>
			<wp:meta_value><![CDATA[Default Sidebar]]></wp:meta_value>
		</wp:postmeta>
		<wp:postmeta>
			<wp:meta_key>mtheme_p2_video_title</wp:meta_key>
			<wp:meta_value><![CDATA[Big Buck Bunny]]></wp:meta_value>
		</wp:postmeta>
		<wp:postmeta>
			<wp:meta_key>mtheme_p2_video_height</wp:meta_key>
			<wp:meta_value><![CDATA[368]]></wp:meta_value>
		</wp:postmeta>
		<wp:postmeta>
			<wp:meta_key>mtheme_p2_video_m4v_file</wp:meta_key>
			<wp:meta_value><![CDATA[http://www.yourdomain.com/video.m4v]]></wp:meta_value>
		</wp:postmeta>
		<wp:postmeta>
			<wp:meta_key>mtheme_p2_video_ogv_file</wp:meta_key>
			<wp:meta_value><![CDATA[http://www.yourdomain.com/video.ogv]]></wp:meta_value>
		</wp:postmeta>
		<wp:postmeta>
			<wp:meta_key>mtheme_p2_meta_lightbox</wp:meta_key>
			<wp:meta_value><![CDATA[Enable Lightbox]]></wp:meta_value>
		</wp:postmeta>
		<wp:postmeta>
			<wp:meta_key>mtheme_p2_video_poster_file</wp:meta_key>
			<wp:meta_value><![CDATA[http://www.yourdomain.com/image.png]]></wp:meta_value>
		</wp:postmeta>
	</item>
	<item>
		<title>An image post</title>
		<link>http://rsw.imaginemthemes.com/wp/2011/08/22/an-image-post/</link>
		<pubDate>Mon, 22 Aug 2011 12:15:08 +0000</pubDate>
		<dc:creator>vortex</dc:creator>
		<guid isPermaLink="false">http://localhost/wpmu/photobox/?p=21</guid>
		<description></description>
		<content:encoded><![CDATA[<p>Vivamus vel mi lorem. Sed vitae felis nisl, at venenatis tortor. In at velit ac turpis aliquam volutpat. Ut et nibh augue. Integer imperdiet convallis massa nec gravida. Sed eleifend porta urna. Praesent non nisi tellus, ut lobortis massa. Sed pretium pretium elit et vulputate. Quisque nec justo lacus. Phasellus tristique sapien ut dui sagittis feugiat. Pellentesque quis leo vitae magna vulputate ultrices quis vitae justo. Nulla vel imperdiet augue.</p>
]]></content:encoded>
		<excerpt:encoded><![CDATA[]]></excerpt:encoded>
		<wp:post_id>21</wp:post_id>
		<wp:post_date>2011-08-22 12:15:08</wp:post_date>
		<wp:post_date_gmt>2011-08-22 12:15:08</wp:post_date_gmt>
		<wp:comment_status>open</wp:comment_status>
		<wp:ping_status>open</wp:ping_status>
		<wp:post_name>an-image-post</wp:post_name>
		<wp:status>publish</wp:status>
		<wp:post_parent>0</wp:post_parent>
		<wp:menu_order>0</wp:menu_order>
		<wp:post_type>post</wp:post_type>
		<wp:post_password></wp:post_password>
		<wp:is_sticky>0</wp:is_sticky>
		<category domain="post_tag" nicename="blog-2"><![CDATA[blog]]></category>
		<category domain="post_tag" nicename="fullwidth"><![CDATA[fullwidth]]></category>
		<category domain="category" nicename="image-2"><![CDATA[Image]]></category>
		<category domain="post_format" nicename="post-format-image"><![CDATA[Image]]></category>
		<category domain="category" nicename="news"><![CDATA[News]]></category>
		<category domain="post_tag" nicename="nivo"><![CDATA[nivo]]></category>
		<category domain="post_tag" nicename="post"><![CDATA[post]]></category>
		<category domain="category" nicename="post-formats"><![CDATA[Post formats]]></category>
		<category domain="post_tag" nicename="some"><![CDATA[some]]></category>
		<category domain="post_tag" nicename="video-2"><![CDATA[video]]></category>
		<category domain="post_tag" nicename="vimeo"><![CDATA[vimeo]]></category>
		<wp:postmeta>
			<wp:meta_key>_edit_last</wp:meta_key>
			<wp:meta_value><![CDATA[1]]></wp:meta_value>
		</wp:postmeta>
		<wp:postmeta>
			<wp:meta_key>catalyst_meta_lightbox</wp:meta_key>
			<wp:meta_value><![CDATA[Enable Lightbox]]></wp:meta_value>
		</wp:postmeta>
		<wp:postmeta>
			<wp:meta_key>catalyst_meta_background_choice</wp:meta_key>
			<wp:meta_value><![CDATA[Use featured image]]></wp:meta_value>
		</wp:postmeta>
		<wp:postmeta>
			<wp:meta_key>catalyst_sidebar_choice</wp:meta_key>
			<wp:meta_value><![CDATA[Default Sidebar]]></wp:meta_value>
		</wp:postmeta>
		<wp:postmeta>
			<wp:meta_key>catalyst_portfolio_style</wp:meta_key>
			<wp:meta_value><![CDATA[Default Sidebar]]></wp:meta_value>
		</wp:postmeta>
		<wp:postmeta>
			<wp:meta_key>catalyst_portfolio_category</wp:meta_key>
			<wp:meta_value><![CDATA[Default Sidebar]]></wp:meta_value>
		</wp:postmeta>
		<wp:postmeta>
			<wp:meta_key>catalyst_portfolio_link</wp:meta_key>
			<wp:meta_value><![CDATA[Default Sidebar]]></wp:meta_value>
		</wp:postmeta>
		<wp:postmeta>
			<wp:meta_key>catalyst_portfolio_perpage</wp:meta_key>
			<wp:meta_value><![CDATA[Default Sidebar]]></wp:meta_value>
		</wp:postmeta>
		<wp:postmeta>
			<wp:meta_key>photozen_meta_background_choice</wp:meta_key>
			<wp:meta_value><![CDATA[Theme options set image]]></wp:meta_value>
		</wp:postmeta>
		<wp:postmeta>
			<wp:meta_key>photozen_sidebar_choice</wp:meta_key>
			<wp:meta_value><![CDATA[Default Sidebar]]></wp:meta_value>
		</wp:postmeta>
		<wp:postmeta>
			<wp:meta_key>photozen_portfolio_style</wp:meta_key>
			<wp:meta_value><![CDATA[Default Sidebar]]></wp:meta_value>
		</wp:postmeta>
		<wp:postmeta>
			<wp:meta_key>photozen_portfolio_category</wp:meta_key>
			<wp:meta_value><![CDATA[Default Sidebar]]></wp:meta_value>
		</wp:postmeta>
		<wp:postmeta>
			<wp:meta_key>photozen_portfolio_link</wp:meta_key>
			<wp:meta_value><![CDATA[Default Sidebar]]></wp:meta_value>
		</wp:postmeta>
		<wp:postmeta>
			<wp:meta_key>photozen_portfolio_perpage</wp:meta_key>
			<wp:meta_value><![CDATA[Default Sidebar]]></wp:meta_value>
		</wp:postmeta>
		<wp:postmeta>
			<wp:meta_key>photozen_meta_lightbox</wp:meta_key>
			<wp:meta_value><![CDATA[Enable Lightbox]]></wp:meta_value>
		</wp:postmeta>
		<wp:postmeta>
			<wp:meta_key>mtheme_p2_sidebar_choice</wp:meta_key>
			<wp:meta_value><![CDATA[Default Sidebar]]></wp:meta_value>
		</wp:postmeta>
		<wp:postmeta>
			<wp:meta_key>mtheme_p2_meta_background_choice</wp:meta_key>
			<wp:meta_value><![CDATA[Background Slideshow]]></wp:meta_value>
		</wp:postmeta>
		<wp:postmeta>
			<wp:meta_key>mtheme_p2_portfolio_style</wp:meta_key>
			<wp:meta_value><![CDATA[Default Sidebar]]></wp:meta_value>
		</wp:postmeta>
		<wp:postmeta>
			<wp:meta_key>mtheme_p2_portfolio_category</wp:meta_key>
			<wp:meta_value><![CDATA[Default Sidebar]]></wp:meta_value>
		</wp:postmeta>
		<wp:postmeta>
			<wp:meta_key>mtheme_p2_portfolio_link</wp:meta_key>
			<wp:meta_value><![CDATA[Default Sidebar]]></wp:meta_value>
		</wp:postmeta>
		<wp:postmeta>
			<wp:meta_key>mtheme_p2_portfolio_perpage</wp:meta_key>
			<wp:meta_value><![CDATA[Default Sidebar]]></wp:meta_value>
		</wp:postmeta>
		<wp:postmeta>
			<wp:meta_key>mtheme_p2_meta_lightbox</wp:meta_key>
			<wp:meta_value><![CDATA[Enable Lightbox]]></wp:meta_value>
		</wp:postmeta>
		<wp:postmeta>
			<wp:meta_key>_thumbnail_id</wp:meta_key>
			<wp:meta_value><![CDATA[1490]]></wp:meta_value>
		</wp:postmeta>
	</item>
	<item>
		<title>Standard Post</title>
		<link>http://rsw.imaginemthemes.com/wp/2011/08/22/standard-post/</link>
		<pubDate>Mon, 22 Aug 2011 13:11:54 +0000</pubDate>
		<dc:creator>vortex</dc:creator>
		<guid isPermaLink="false">http://localhost/wpmu/photobox/?p=25</guid>
		<description></description>
		<content:encoded><![CDATA[Lorem ipsum dolor sit amet, consectetur adipiscing elit. Nullam semper leo eget sapien ultrices vitae facilisis massa dictum. Fusce eu purus a urna accumsan luctus. Nullam sit amet nisi non ante ultrices egestas. Proin erat nulla, congue adipiscing accumsan id, sollicitudin eget dolor. Vestibulum ipsum urna, consequat vel cursus ut, scelerisque vel nisl. Suspendisse molestie facilisis dui, et rutrum enim fermentum id. Curabitur tincidunt tellus sed risus vulputate fringilla. Mauris luctus posuere odio, quis viverra purus consequat ac. Aliquam luctus posuere ultricies. Morbi sagittis elementum ligula, eget luctus diam facilisis sit amet. Maecenas fringilla cursus tortor, nec dictum purus volutpat et.

Vivamus vel mi lorem. Sed vitae felis nisl, at venenatis tortor. In at velit ac turpis aliquam volutpat. Ut et nibh augue. Integer imperdiet convallis massa nec gravida. Sed eleifend porta urna. Praesent non nisi tellus, ut lobortis massa. Sed pretium pretium elit et vulputate. Quisque nec justo lacus. Phasellus tristique sapien ut dui sagittis feugiat. Pellentesque quis leo vitae magna vulputate ultrices quis vitae justo. Nulla vel imperdiet augue.

Phasellus venenatis, est non sagittis pellentesque, mauris lectus mattis nisl, non vestibulum tortor tortor eu metus. Praesent ac ligula quis justo vestibulum lobortis vitae sit amet arcu. Aenean pellentesque aliquam dolor et consectetur. Mauris congue ornare purus, nec porttitor arcu blandit et. Ut pellentesque eros ac neque laoreet mattis tristique sit amet justo. Ut molestie orci lobortis nisl convallis volutpat. Pellentesque interdum sagittis tortor vitae tempus. Mauris imperdiet sapien non elit fermentum pulvinar. Vivamus sagittis egestas semper. Ut nibh neque, pharetra id ullamcorper in, suscipit ut ligula.

Fusce ultricies dolor a eros dignissim at vulputate magna aliquet. Cras porttitor dapibus dictum. Pellentesque scelerisque euismod eleifend. Duis aliquam tincidunt mi, pellentesque convallis massa euismod ac. Pellentesque eleifend consectetur egestas. Curabitur eu eros arcu. Nulla ultricies, enim nec dictum blandit, enim magna consectetur dui, sit amet tempus massa sapien sit amet urna. Ut tellus sem, tempus ut mattis sed, placerat eget velit. Cras quam odio, feugiat quis bibendum eget, molestie vel mauris. Cras ultrices iaculis aliquet. Etiam eget tellus metus, ac pellentesque purus. In congue rhoncus laoreet. Quisque metus purus, blandit nec pellentesque ut, sagittis eu lectus.]]></content:encoded>
		<excerpt:encoded><![CDATA[]]></excerpt:encoded>
		<wp:post_id>25</wp:post_id>
		<wp:post_date>2011-08-22 13:11:54</wp:post_date>
		<wp:post_date_gmt>2011-08-22 13:11:54</wp:post_date_gmt>
		<wp:comment_status>open</wp:comment_status>
		<wp:ping_status>open</wp:ping_status>
		<wp:post_name>standard-post</wp:post_name>
		<wp:status>publish</wp:status>
		<wp:post_parent>0</wp:post_parent>
		<wp:menu_order>0</wp:menu_order>
		<wp:post_type>post</wp:post_type>
		<wp:post_password></wp:post_password>
		<wp:is_sticky>0</wp:is_sticky>
		<category domain="category" nicename="news"><![CDATA[News]]></category>
		<category domain="category" nicename="post-formats"><![CDATA[Post formats]]></category>
		<category domain="category" nicename="standard"><![CDATA[Standard]]></category>
		<wp:postmeta>
			<wp:meta_key>_edit_last</wp:meta_key>
			<wp:meta_value><![CDATA[1]]></wp:meta_value>
		</wp:postmeta>
		<wp:postmeta>
			<wp:meta_key>catalyst_meta_lightbox</wp:meta_key>
			<wp:meta_value><![CDATA[Enable Lightbox]]></wp:meta_value>
		</wp:postmeta>
		<wp:postmeta>
			<wp:meta_key>_thumbnail_id</wp:meta_key>
			<wp:meta_value><![CDATA[1480]]></wp:meta_value>
		</wp:postmeta>
		<wp:postmeta>
			<wp:meta_key>catalyst_meta_background_choice</wp:meta_key>
			<wp:meta_value><![CDATA[Theme options set image]]></wp:meta_value>
		</wp:postmeta>
		<wp:postmeta>
			<wp:meta_key>catalyst_sidebar_choice</wp:meta_key>
			<wp:meta_value><![CDATA[Default Sidebar]]></wp:meta_value>
		</wp:postmeta>
		<wp:postmeta>
			<wp:meta_key>catalyst_portfolio_style</wp:meta_key>
			<wp:meta_value><![CDATA[Default Sidebar]]></wp:meta_value>
		</wp:postmeta>
		<wp:postmeta>
			<wp:meta_key>catalyst_portfolio_category</wp:meta_key>
			<wp:meta_value><![CDATA[Default Sidebar]]></wp:meta_value>
		</wp:postmeta>
		<wp:postmeta>
			<wp:meta_key>catalyst_portfolio_link</wp:meta_key>
			<wp:meta_value><![CDATA[Default Sidebar]]></wp:meta_value>
		</wp:postmeta>
		<wp:postmeta>
			<wp:meta_key>catalyst_portfolio_perpage</wp:meta_key>
			<wp:meta_value><![CDATA[Default Sidebar]]></wp:meta_value>
		</wp:postmeta>
		<wp:postmeta>
			<wp:meta_key>photozen_meta_background_choice</wp:meta_key>
			<wp:meta_value><![CDATA[Theme options set image]]></wp:meta_value>
		</wp:postmeta>
		<wp:postmeta>
			<wp:meta_key>photozen_sidebar_choice</wp:meta_key>
			<wp:meta_value><![CDATA[Default Sidebar]]></wp:meta_value>
		</wp:postmeta>
		<wp:postmeta>
			<wp:meta_key>photozen_portfolio_style</wp:meta_key>
			<wp:meta_value><![CDATA[Default Sidebar]]></wp:meta_value>
		</wp:postmeta>
		<wp:postmeta>
			<wp:meta_key>photozen_portfolio_category</wp:meta_key>
			<wp:meta_value><![CDATA[Default Sidebar]]></wp:meta_value>
		</wp:postmeta>
		<wp:postmeta>
			<wp:meta_key>photozen_portfolio_link</wp:meta_key>
			<wp:meta_value><![CDATA[Default Sidebar]]></wp:meta_value>
		</wp:postmeta>
		<wp:postmeta>
			<wp:meta_key>photozen_portfolio_perpage</wp:meta_key>
			<wp:meta_value><![CDATA[Default Sidebar]]></wp:meta_value>
		</wp:postmeta>
		<wp:postmeta>
			<wp:meta_key>photozen_meta_lightbox</wp:meta_key>
			<wp:meta_value><![CDATA[Enable Lightbox]]></wp:meta_value>
		</wp:postmeta>
		<wp:postmeta>
			<wp:meta_key>mtheme_p2_sidebar_choice</wp:meta_key>
			<wp:meta_value><![CDATA[Default Sidebar]]></wp:meta_value>
		</wp:postmeta>
		<wp:postmeta>
			<wp:meta_key>mtheme_p2_meta_background_choice</wp:meta_key>
			<wp:meta_value><![CDATA[Background Slideshow]]></wp:meta_value>
		</wp:postmeta>
		<wp:postmeta>
			<wp:meta_key>mtheme_p2_portfolio_style</wp:meta_key>
			<wp:meta_value><![CDATA[Default Sidebar]]></wp:meta_value>
		</wp:postmeta>
		<wp:postmeta>
			<wp:meta_key>mtheme_p2_portfolio_category</wp:meta_key>
			<wp:meta_value><![CDATA[Default Sidebar]]></wp:meta_value>
		</wp:postmeta>
		<wp:postmeta>
			<wp:meta_key>mtheme_p2_portfolio_link</wp:meta_key>
			<wp:meta_value><![CDATA[Default Sidebar]]></wp:meta_value>
		</wp:postmeta>
		<wp:postmeta>
			<wp:meta_key>mtheme_p2_portfolio_perpage</wp:meta_key>
			<wp:meta_value><![CDATA[Default Sidebar]]></wp:meta_value>
		</wp:postmeta>
		<wp:postmeta>
			<wp:meta_key>mtheme_p2_meta_lightbox</wp:meta_key>
			<wp:meta_value><![CDATA[Enable Lightbox]]></wp:meta_value>
		</wp:postmeta>
	</item>
	<item>
		<title>A Quote</title>
		<link>http://rsw.imaginemthemes.com/wp/2011/08/23/a-quote/</link>
		<pubDate>Tue, 23 Aug 2011 08:52:56 +0000</pubDate>
		<dc:creator>vortex</dc:creator>
		<guid isPermaLink="false">http://localhost/wpmu/photobox/?p=33</guid>
		<description></description>
		<content:encoded><![CDATA[]]></content:encoded>
		<excerpt:encoded><![CDATA[]]></excerpt:encoded>
		<wp:post_id>33</wp:post_id>
		<wp:post_date>2011-08-23 08:52:56</wp:post_date>
		<wp:post_date_gmt>2011-08-23 08:52:56</wp:post_date_gmt>
		<wp:comment_status>open</wp:comment_status>
		<wp:ping_status>open</wp:ping_status>
		<wp:post_name>a-quote</wp:post_name>
		<wp:status>publish</wp:status>
		<wp:post_parent>0</wp:post_parent>
		<wp:menu_order>0</wp:menu_order>
		<wp:post_type>post</wp:post_type>
		<wp:post_password></wp:post_password>
		<wp:is_sticky>0</wp:is_sticky>
		<category domain="category" nicename="post-formats"><![CDATA[Post formats]]></category>
		<category domain="category" nicename="post-format-quote"><![CDATA[Quote]]></category>
		<category domain="post_format" nicename="post-format-quote"><![CDATA[Quote]]></category>
		<wp:postmeta>
			<wp:meta_key>_edit_last</wp:meta_key>
			<wp:meta_value><![CDATA[1]]></wp:meta_value>
		</wp:postmeta>
		<wp:postmeta>
			<wp:meta_key>catalyst_meta_lightbox</wp:meta_key>
			<wp:meta_value><![CDATA[Enable Lightbox]]></wp:meta_value>
		</wp:postmeta>
		<wp:postmeta>
			<wp:meta_key>catalyst_meta_quote</wp:meta_key>
			<wp:meta_value><![CDATA[Quisque tristique sagittis nisi eu viverra. Praesent lobortis pharetra lectus ultricies porttitor. Aenean aliquet nulla ac ante feugiat nec dapibus leo varius.]]></wp:meta_value>
		</wp:postmeta>
		<wp:postmeta>
			<wp:meta_key>catalyst_meta_quote_author</wp:meta_key>
			<wp:meta_value><![CDATA[Unknown]]></wp:meta_value>
		</wp:postmeta>
		<wp:postmeta>
			<wp:meta_key>photozen_meta_background_choice</wp:meta_key>
			<wp:meta_value><![CDATA[Theme options set image]]></wp:meta_value>
		</wp:postmeta>
		<wp:postmeta>
			<wp:meta_key>photozen_sidebar_choice</wp:meta_key>
			<wp:meta_value><![CDATA[Default Sidebar]]></wp:meta_value>
		</wp:postmeta>
		<wp:postmeta>
			<wp:meta_key>photozen_portfolio_style</wp:meta_key>
			<wp:meta_value><![CDATA[Default Sidebar]]></wp:meta_value>
		</wp:postmeta>
		<wp:postmeta>
			<wp:meta_key>photozen_portfolio_category</wp:meta_key>
			<wp:meta_value><![CDATA[Default Sidebar]]></wp:meta_value>
		</wp:postmeta>
		<wp:postmeta>
			<wp:meta_key>photozen_portfolio_link</wp:meta_key>
			<wp:meta_value><![CDATA[Default Sidebar]]></wp:meta_value>
		</wp:postmeta>
		<wp:postmeta>
			<wp:meta_key>photozen_portfolio_perpage</wp:meta_key>
			<wp:meta_value><![CDATA[Default Sidebar]]></wp:meta_value>
		</wp:postmeta>
		<wp:postmeta>
			<wp:meta_key>photozen_meta_lightbox</wp:meta_key>
			<wp:meta_value><![CDATA[Enable Lightbox]]></wp:meta_value>
		</wp:postmeta>
		<wp:postmeta>
			<wp:meta_key>photozen_meta_quote</wp:meta_key>
			<wp:meta_value><![CDATA[Vivamus vel mi lorem. Sed vitae felis nisl, at venenatis tortor. In at velit ac turpis aliquam volutpat. Ut et nibh augue. Integer imperdiet convallis massa nec gravida.]]></wp:meta_value>
		</wp:postmeta>
		<wp:postmeta>
			<wp:meta_key>photozen_meta_quote_author</wp:meta_key>
			<wp:meta_value><![CDATA[Unknown Quote]]></wp:meta_value>
		</wp:postmeta>
		<wp:postmeta>
			<wp:meta_key>mtheme_p2_sidebar_choice</wp:meta_key>
			<wp:meta_value><![CDATA[Default Sidebar]]></wp:meta_value>
		</wp:postmeta>
		<wp:postmeta>
			<wp:meta_key>mtheme_p2_meta_background_choice</wp:meta_key>
			<wp:meta_value><![CDATA[Background Slideshow]]></wp:meta_value>
		</wp:postmeta>
		<wp:postmeta>
			<wp:meta_key>mtheme_p2_portfolio_style</wp:meta_key>
			<wp:meta_value><![CDATA[Default Sidebar]]></wp:meta_value>
		</wp:postmeta>
		<wp:postmeta>
			<wp:meta_key>mtheme_p2_portfolio_category</wp:meta_key>
			<wp:meta_value><![CDATA[Default Sidebar]]></wp:meta_value>
		</wp:postmeta>
		<wp:postmeta>
			<wp:meta_key>mtheme_p2_portfolio_link</wp:meta_key>
			<wp:meta_value><![CDATA[Default Sidebar]]></wp:meta_value>
		</wp:postmeta>
		<wp:postmeta>
			<wp:meta_key>mtheme_p2_portfolio_perpage</wp:meta_key>
			<wp:meta_value><![CDATA[Default Sidebar]]></wp:meta_value>
		</wp:postmeta>
		<wp:postmeta>
			<wp:meta_key>mtheme_p2_meta_lightbox</wp:meta_key>
			<wp:meta_value><![CDATA[Enable Lightbox]]></wp:meta_value>
		</wp:postmeta>
		<wp:postmeta>
			<wp:meta_key>mtheme_p2_meta_quote</wp:meta_key>
			<wp:meta_value><![CDATA[Lorem ipsum dolor sit amet, consectetur adipiscing elit. Mauris interdum turpis eget mi tristique blandit. Morbi quis orci sed nisi adipiscing facilisis. Vestibulum ante ipsum primis in faucibus orci luctus et ultrices posuere cubilia Curae; Quisque facilisis facilisis laoreet.]]></wp:meta_value>
		</wp:postmeta>
		<wp:postmeta>
			<wp:meta_key>mtheme_p2_meta_quote_author</wp:meta_key>
			<wp:meta_value><![CDATA[Author Name]]></wp:meta_value>
		</wp:postmeta>
		<wp:comment>
			<wp:comment_id>2</wp:comment_id>
			<wp:comment_author><![CDATA[admin]]></wp:comment_author>
			<wp:comment_author_email>mondrey.m@gmail.com</wp:comment_author_email>
			<wp:comment_author_url></wp:comment_author_url>
			<wp:comment_author_IP>127.0.0.1</wp:comment_author_IP>
			<wp:comment_date>2011-08-23 11:32:49</wp:comment_date>
			<wp:comment_date_gmt>2011-08-23 11:32:49</wp:comment_date_gmt>
			<wp:comment_content><![CDATA[Quisque tristique sagittis nisi eu viverra. Praesent lobortis pharetra lectus ultricies porttitor. Aenean aliquet nulla ac ante feugiat nec dapibus leo varius]]></wp:comment_content>
			<wp:comment_approved>1</wp:comment_approved>
			<wp:comment_type></wp:comment_type>
			<wp:comment_parent>0</wp:comment_parent>
			<wp:comment_user_id>2</wp:comment_user_id>
		</wp:comment>
		<wp:comment>
			<wp:comment_id>3</wp:comment_id>
			<wp:comment_author><![CDATA[admin]]></wp:comment_author>
			<wp:comment_author_email>mondrey.m@gmail.com</wp:comment_author_email>
			<wp:comment_author_url></wp:comment_author_url>
			<wp:comment_author_IP>127.0.0.1</wp:comment_author_IP>
			<wp:comment_date>2011-08-23 11:41:06</wp:comment_date>
			<wp:comment_date_gmt>2011-08-23 11:41:06</wp:comment_date_gmt>
			<wp:comment_content><![CDATA[Etiam id est ut ipsum congue euismod vel vitae quam. Quisque aliquet urna nec mauris gravida ullamcorper. Cras suscipit lacinia interdum. Mauris aliquet eros at enim sodales hendrerit. Sed vestibulum justo vitae enim iaculis adipiscing. Nunc leo justo, volutpat in egestas vitae, aliquam in diam. Quisque turpis tortor, tempor vel tempor mollis, sodales nec augue. Nunc eu accumsan lacus.]]></wp:comment_content>
			<wp:comment_approved>1</wp:comment_approved>
			<wp:comment_type></wp:comment_type>
			<wp:comment_parent>0</wp:comment_parent>
			<wp:comment_user_id>2</wp:comment_user_id>
		</wp:comment>
		<wp:comment>
			<wp:comment_id>4</wp:comment_id>
			<wp:comment_author><![CDATA[admin]]></wp:comment_author>
			<wp:comment_author_email>mondrey.m@gmail.com</wp:comment_author_email>
			<wp:comment_author_url></wp:comment_author_url>
			<wp:comment_author_IP>127.0.0.1</wp:comment_author_IP>
			<wp:comment_date>2011-08-23 11:41:14</wp:comment_date>
			<wp:comment_date_gmt>2011-08-23 11:41:14</wp:comment_date_gmt>
			<wp:comment_content><![CDATA[Quisque tristique sagittis nisi eu viverra. Praesent lobortis pharetra lectus ultricies porttitor. Aenean aliquet nulla ac ante feugiat nec dapibus leo varius. Phasellus quis felis sit amet elit imperdiet rhoncus. Pellentesque et neque ligula. Morbi tincidunt dolor in ligula laoreet lacinia. Donec viverra accums]]></wp:comment_content>
			<wp:comment_approved>1</wp:comment_approved>
			<wp:comment_type></wp:comment_type>
			<wp:comment_parent>2</wp:comment_parent>
			<wp:comment_user_id>2</wp:comment_user_id>
		</wp:comment>
		<wp:comment>
			<wp:comment_id>5</wp:comment_id>
			<wp:comment_author><![CDATA[admin]]></wp:comment_author>
			<wp:comment_author_email>mondrey.m@gmail.com</wp:comment_author_email>
			<wp:comment_author_url></wp:comment_author_url>
			<wp:comment_author_IP>127.0.0.1</wp:comment_author_IP>
			<wp:comment_date>2011-08-23 11:41:37</wp:comment_date>
			<wp:comment_date_gmt>2011-08-23 11:41:37</wp:comment_date_gmt>
			<wp:comment_content><![CDATA[In in eros erat. Curabitur id lacus nunc. Aliquam malesuada libero non odio lobortis condimentum. Fusce eget tempus purus. Class aptent taciti sociosqu ad litora torquent per conubia nostra, per inceptos himenaeos. Duis vel nulla in arcu pharetra tempor]]></wp:comment_content>
			<wp:comment_approved>1</wp:comment_approved>
			<wp:comment_type></wp:comment_type>
			<wp:comment_parent>4</wp:comment_parent>
			<wp:comment_user_id>2</wp:comment_user_id>
		</wp:comment>
		<wp:comment>
			<wp:comment_id>6</wp:comment_id>
			<wp:comment_author><![CDATA[Mondre]]></wp:comment_author>
			<wp:comment_author_email>imagine@dhinet.net.mv</wp:comment_author_email>
			<wp:comment_author_url>http://www.localhost.com</wp:comment_author_url>
			<wp:comment_author_IP>127.0.0.1</wp:comment_author_IP>
			<wp:comment_date>2011-09-07 11:43:30</wp:comment_date>
			<wp:comment_date_gmt>2011-09-07 11:43:30</wp:comment_date_gmt>
			<wp:comment_content><![CDATA[Quisque tristique sagittis nisi eu viverra. Praesent lobortis pharetra lectus ultricies porttitor. Aenean aliquet nulla ac ante feugiat nec dapibus leo varius]]></wp:comment_content>
			<wp:comment_approved>1</wp:comment_approved>
			<wp:comment_type></wp:comment_type>
			<wp:comment_parent>0</wp:comment_parent>
			<wp:comment_user_id>0</wp:comment_user_id>
		</wp:comment>
		<wp:comment>
			<wp:comment_id>7</wp:comment_id>
			<wp:comment_author><![CDATA[Mondre]]></wp:comment_author>
			<wp:comment_author_email>imagine@dhinet.net.mv</wp:comment_author_email>
			<wp:comment_author_url>http://www.localhost.com</wp:comment_author_url>
			<wp:comment_author_IP>127.0.0.1</wp:comment_author_IP>
			<wp:comment_date>2011-09-07 11:44:38</wp:comment_date>
			<wp:comment_date_gmt>2011-09-07 11:44:38</wp:comment_date_gmt>
			<wp:comment_content><![CDATA[Aenean aliquet nulla ac ante feugiat nec dapibus leo varius. Phasellus quis felis sit amet elit imperdiet rhoncus.]]></wp:comment_content>
			<wp:comment_approved>1</wp:comment_approved>
			<wp:comment_type></wp:comment_type>
			<wp:comment_parent>4</wp:comment_parent>
			<wp:comment_user_id>0</wp:comment_user_id>
		</wp:comment>
	</item>
	<item>
		<title>Vimeo</title>
		<link>http://rsw.imaginemthemes.com/wp/2011/09/06/vimeo/</link>
		<pubDate>Tue, 06 Sep 2011 13:22:21 +0000</pubDate>
		<dc:creator>vortex</dc:creator>
		<guid isPermaLink="false">http://localhost/wpmu/photobox/?p=873</guid>
		<description></description>
		<content:encoded><![CDATA[Vivamus vel mi lorem. Sed vitae felis nisl, at venenatis tortor. In at velit ac turpis aliquam volutpat. Ut et nibh augue. Integer imperdiet convallis massa nec gravida. Sed eleifend porta urna. Praesent non nisi tellus, ut lobortis massa. Sed pretium pretium elit et vulputate. Quisque nec justo lacus. Phasellus tristique sapien ut dui sagittis feugiat. Pellentesque quis leo vitae magna vulputate ultrices quis vitae justo. Nulla vel imperdiet augue.]]></content:encoded>
		<excerpt:encoded><![CDATA[]]></excerpt:encoded>
		<wp:post_id>873</wp:post_id>
		<wp:post_date>2011-09-06 13:22:21</wp:post_date>
		<wp:post_date_gmt>2011-09-06 13:22:21</wp:post_date_gmt>
		<wp:comment_status>open</wp:comment_status>
		<wp:ping_status>open</wp:ping_status>
		<wp:post_name>vimeo</wp:post_name>
		<wp:status>publish</wp:status>
		<wp:post_parent>0</wp:post_parent>
		<wp:menu_order>0</wp:menu_order>
		<wp:post_type>post</wp:post_type>
		<wp:post_password></wp:post_password>
		<wp:is_sticky>0</wp:is_sticky>
		<category domain="category" nicename="post-format-video"><![CDATA[Video]]></category>
		<category domain="post_format" nicename="post-format-video"><![CDATA[Video]]></category>
		<wp:postmeta>
			<wp:meta_key>_edit_last</wp:meta_key>
			<wp:meta_value><![CDATA[1]]></wp:meta_value>
		</wp:postmeta>
		<wp:postmeta>
			<wp:meta_key>catalyst_video_vimeo_id</wp:meta_key>
			<wp:meta_value><![CDATA[28454865]]></wp:meta_value>
		</wp:postmeta>
		<wp:postmeta>
			<wp:meta_key>catalyst_meta_lightbox</wp:meta_key>
			<wp:meta_value><![CDATA[Enable Lightbox]]></wp:meta_value>
		</wp:postmeta>
		<wp:postmeta>
			<wp:meta_key>photozen_meta_background_choice</wp:meta_key>
			<wp:meta_value><![CDATA[Theme options set image]]></wp:meta_value>
		</wp:postmeta>
		<wp:postmeta>
			<wp:meta_key>photozen_sidebar_choice</wp:meta_key>
			<wp:meta_value><![CDATA[Default Sidebar]]></wp:meta_value>
		</wp:postmeta>
		<wp:postmeta>
			<wp:meta_key>photozen_portfolio_style</wp:meta_key>
			<wp:meta_value><![CDATA[Default Sidebar]]></wp:meta_value>
		</wp:postmeta>
		<wp:postmeta>
			<wp:meta_key>photozen_portfolio_category</wp:meta_key>
			<wp:meta_value><![CDATA[Default Sidebar]]></wp:meta_value>
		</wp:postmeta>
		<wp:postmeta>
			<wp:meta_key>photozen_portfolio_link</wp:meta_key>
			<wp:meta_value><![CDATA[Default Sidebar]]></wp:meta_value>
		</wp:postmeta>
		<wp:postmeta>
			<wp:meta_key>photozen_portfolio_perpage</wp:meta_key>
			<wp:meta_value><![CDATA[Default Sidebar]]></wp:meta_value>
		</wp:postmeta>
		<wp:postmeta>
			<wp:meta_key>photozen_video_vimeo_id</wp:meta_key>
			<wp:meta_value><![CDATA[29262251]]></wp:meta_value>
		</wp:postmeta>
		<wp:postmeta>
			<wp:meta_key>photozen_meta_lightbox</wp:meta_key>
			<wp:meta_value><![CDATA[Enable Lightbox]]></wp:meta_value>
		</wp:postmeta>
		<wp:postmeta>
			<wp:meta_key>mtheme_p2_sidebar_choice</wp:meta_key>
			<wp:meta_value><![CDATA[Default Sidebar]]></wp:meta_value>
		</wp:postmeta>
		<wp:postmeta>
			<wp:meta_key>mtheme_p2_meta_background_choice</wp:meta_key>
			<wp:meta_value><![CDATA[Background Slideshow]]></wp:meta_value>
		</wp:postmeta>
		<wp:postmeta>
			<wp:meta_key>mtheme_p2_portfolio_style</wp:meta_key>
			<wp:meta_value><![CDATA[Default Sidebar]]></wp:meta_value>
		</wp:postmeta>
		<wp:postmeta>
			<wp:meta_key>mtheme_p2_portfolio_category</wp:meta_key>
			<wp:meta_value><![CDATA[Default Sidebar]]></wp:meta_value>
		</wp:postmeta>
		<wp:postmeta>
			<wp:meta_key>mtheme_p2_portfolio_link</wp:meta_key>
			<wp:meta_value><![CDATA[Default Sidebar]]></wp:meta_value>
		</wp:postmeta>
		<wp:postmeta>
			<wp:meta_key>mtheme_p2_portfolio_perpage</wp:meta_key>
			<wp:meta_value><![CDATA[Default Sidebar]]></wp:meta_value>
		</wp:postmeta>
		<wp:postmeta>
			<wp:meta_key>mtheme_p2_video_vimeo_id</wp:meta_key>
			<wp:meta_value><![CDATA[29017795]]></wp:meta_value>
		</wp:postmeta>
		<wp:postmeta>
			<wp:meta_key>mtheme_p2_meta_lightbox</wp:meta_key>
			<wp:meta_value><![CDATA[Enable Lightbox]]></wp:meta_value>
		</wp:postmeta>
	</item>
	<item>
		<title>Youtube</title>
		<link>http://rsw.imaginemthemes.com/wp/2011/09/06/youtube/</link>
		<pubDate>Tue, 06 Sep 2011 13:41:19 +0000</pubDate>
		<dc:creator>vortex</dc:creator>
		<guid isPermaLink="false">http://localhost/wpmu/photobox/?p=878</guid>
		<description></description>
		<content:encoded><![CDATA[Vivamus vel mi lorem. Sed vitae felis nisl, at venenatis tortor. In at velit ac turpis aliquam volutpat. Ut et nibh augue. Integer imperdiet convallis massa nec gravida. Sed eleifend porta urna. Praesent non nisi tellus, ut lobortis massa. Sed pretium pretium elit et vulputate. Quisque nec justo lacus. Phasellus tristique sapien ut dui sagittis feugiat. Pellentesque quis leo vitae magna vulputate ultrices quis vitae justo. Nulla vel imperdiet augue.]]></content:encoded>
		<excerpt:encoded><![CDATA[]]></excerpt:encoded>
		<wp:post_id>878</wp:post_id>
		<wp:post_date>2011-09-06 13:41:19</wp:post_date>
		<wp:post_date_gmt>2011-09-06 13:41:19</wp:post_date_gmt>
		<wp:comment_status>open</wp:comment_status>
		<wp:ping_status>open</wp:ping_status>
		<wp:post_name>youtube</wp:post_name>
		<wp:status>publish</wp:status>
		<wp:post_parent>0</wp:post_parent>
		<wp:menu_order>0</wp:menu_order>
		<wp:post_type>post</wp:post_type>
		<wp:post_password></wp:post_password>
		<wp:is_sticky>0</wp:is_sticky>
		<category domain="category" nicename="post-format-video"><![CDATA[Video]]></category>
		<category domain="post_format" nicename="post-format-video"><![CDATA[Video]]></category>
		<wp:postmeta>
			<wp:meta_key>_edit_last</wp:meta_key>
			<wp:meta_value><![CDATA[1]]></wp:meta_value>
		</wp:postmeta>
		<wp:postmeta>
			<wp:meta_key>catalyst_video_youtube_id</wp:meta_key>
			<wp:meta_value><![CDATA[Xe0gIFxYhrk]]></wp:meta_value>
		</wp:postmeta>
		<wp:postmeta>
			<wp:meta_key>catalyst_meta_lightbox</wp:meta_key>
			<wp:meta_value><![CDATA[Enable Lightbox]]></wp:meta_value>
		</wp:postmeta>
		<wp:postmeta>
			<wp:meta_key>photozen_sidebar_choice</wp:meta_key>
			<wp:meta_value><![CDATA[Default Sidebar]]></wp:meta_value>
		</wp:postmeta>
		<wp:postmeta>
			<wp:meta_key>photozen_meta_background_choice</wp:meta_key>
			<wp:meta_value><![CDATA[Theme options set image]]></wp:meta_value>
		</wp:postmeta>
		<wp:postmeta>
			<wp:meta_key>photozen_portfolio_style</wp:meta_key>
			<wp:meta_value><![CDATA[Default Sidebar]]></wp:meta_value>
		</wp:postmeta>
		<wp:postmeta>
			<wp:meta_key>photozen_portfolio_category</wp:meta_key>
			<wp:meta_value><![CDATA[Default Sidebar]]></wp:meta_value>
		</wp:postmeta>
		<wp:postmeta>
			<wp:meta_key>photozen_portfolio_link</wp:meta_key>
			<wp:meta_value><![CDATA[Default Sidebar]]></wp:meta_value>
		</wp:postmeta>
		<wp:postmeta>
			<wp:meta_key>photozen_portfolio_perpage</wp:meta_key>
			<wp:meta_value><![CDATA[Default Sidebar]]></wp:meta_value>
		</wp:postmeta>
		<wp:postmeta>
			<wp:meta_key>photozen_video_youtube_id</wp:meta_key>
			<wp:meta_value><![CDATA[mwX7uEiEWx4]]></wp:meta_value>
		</wp:postmeta>
		<wp:postmeta>
			<wp:meta_key>photozen_meta_lightbox</wp:meta_key>
			<wp:meta_value><![CDATA[Enable Lightbox]]></wp:meta_value>
		</wp:postmeta>
		<wp:postmeta>
			<wp:meta_key>mtheme_p2_sidebar_choice</wp:meta_key>
			<wp:meta_value><![CDATA[Default Sidebar]]></wp:meta_value>
		</wp:postmeta>
		<wp:postmeta>
			<wp:meta_key>mtheme_p2_meta_background_choice</wp:meta_key>
			<wp:meta_value><![CDATA[Background Slideshow]]></wp:meta_value>
		</wp:postmeta>
		<wp:postmeta>
			<wp:meta_key>mtheme_p2_portfolio_style</wp:meta_key>
			<wp:meta_value><![CDATA[Default Sidebar]]></wp:meta_value>
		</wp:postmeta>
		<wp:postmeta>
			<wp:meta_key>mtheme_p2_portfolio_category</wp:meta_key>
			<wp:meta_value><![CDATA[Default Sidebar]]></wp:meta_value>
		</wp:postmeta>
		<wp:postmeta>
			<wp:meta_key>mtheme_p2_portfolio_link</wp:meta_key>
			<wp:meta_value><![CDATA[Default Sidebar]]></wp:meta_value>
		</wp:postmeta>
		<wp:postmeta>
			<wp:meta_key>mtheme_p2_portfolio_perpage</wp:meta_key>
			<wp:meta_value><![CDATA[Default Sidebar]]></wp:meta_value>
		</wp:postmeta>
		<wp:postmeta>
			<wp:meta_key>mtheme_p2_video_embed_code</wp:meta_key>
			<wp:meta_value><![CDATA[<iframe width="650" height="360" src="http://www.youtube.com/embed/mwX7uEiEWx4?rel=0" frameborder="0" allowfullscreen></iframe>]]></wp:meta_value>
		</wp:postmeta>
		<wp:postmeta>
			<wp:meta_key>mtheme_p2_meta_lightbox</wp:meta_key>
			<wp:meta_value><![CDATA[Enable Lightbox]]></wp:meta_value>
		</wp:postmeta>
	</item>
	<item>
		<title>Embed Code</title>
		<link>http://rsw.imaginemthemes.com/wp/2011/09/06/mega-video/</link>
		<pubDate>Tue, 06 Sep 2011 14:34:40 +0000</pubDate>
		<dc:creator>vortex</dc:creator>
		<guid isPermaLink="false">http://localhost/wpmu/photobox/?p=902</guid>
		<description></description>
		<content:encoded><![CDATA[Vivamus vel mi lorem. Sed vitae felis nisl, at venenatis tortor. In at velit ac turpis aliquam volutpat. Ut et nibh augue. Integer imperdiet convallis massa nec gravida. Sed eleifend porta urna. Praesent non nisi tellus, ut lobortis massa. Sed pretium pretium elit et vulputate. Quisque nec justo lacus. Phasellus tristique sapien ut dui sagittis feugiat. Pellentesque quis leo vitae magna vulputate ultrices quis vitae justo. Nulla vel imperdiet augue.]]></content:encoded>
		<excerpt:encoded><![CDATA[]]></excerpt:encoded>
		<wp:post_id>902</wp:post_id>
		<wp:post_date>2011-09-06 14:34:40</wp:post_date>
		<wp:post_date_gmt>2011-09-06 14:34:40</wp:post_date_gmt>
		<wp:comment_status>open</wp:comment_status>
		<wp:ping_status>open</wp:ping_status>
		<wp:post_name>mega-video</wp:post_name>
		<wp:status>publish</wp:status>
		<wp:post_parent>0</wp:post_parent>
		<wp:menu_order>0</wp:menu_order>
		<wp:post_type>post</wp:post_type>
		<wp:post_password></wp:post_password>
		<wp:is_sticky>0</wp:is_sticky>
		<category domain="category" nicename="post-format-video"><![CDATA[Video]]></category>
		<category domain="post_format" nicename="post-format-video"><![CDATA[Video]]></category>
		<wp:postmeta>
			<wp:meta_key>catalyst_meta_lightbox</wp:meta_key>
			<wp:meta_value><![CDATA[Enable Lightbox]]></wp:meta_value>
		</wp:postmeta>
		<wp:postmeta>
			<wp:meta_key>_edit_last</wp:meta_key>
			<wp:meta_value><![CDATA[1]]></wp:meta_value>
		</wp:postmeta>
		<wp:postmeta>
			<wp:meta_key>catalyst_video_embed_code</wp:meta_key>
			<wp:meta_value><![CDATA[<iframe width="508" height="411" src="http://www.youtube.com/embed/QgQaa_B6ATI?rel=0" frameborder="0" allowfullscreen></iframe>]]></wp:meta_value>
		</wp:postmeta>
		<wp:postmeta>
			<wp:meta_key>catalyst_meta_background_choice</wp:meta_key>
			<wp:meta_value><![CDATA[Use featured image]]></wp:meta_value>
		</wp:postmeta>
		<wp:postmeta>
			<wp:meta_key>photozen_meta_background_choice</wp:meta_key>
			<wp:meta_value><![CDATA[Theme options set image]]></wp:meta_value>
		</wp:postmeta>
		<wp:postmeta>
			<wp:meta_key>photozen_sidebar_choice</wp:meta_key>
			<wp:meta_value><![CDATA[Default Sidebar]]></wp:meta_value>
		</wp:postmeta>
		<wp:postmeta>
			<wp:meta_key>photozen_portfolio_style</wp:meta_key>
			<wp:meta_value><![CDATA[Default Sidebar]]></wp:meta_value>
		</wp:postmeta>
		<wp:postmeta>
			<wp:meta_key>photozen_portfolio_category</wp:meta_key>
			<wp:meta_value><![CDATA[Default Sidebar]]></wp:meta_value>
		</wp:postmeta>
		<wp:postmeta>
			<wp:meta_key>photozen_portfolio_link</wp:meta_key>
			<wp:meta_value><![CDATA[Default Sidebar]]></wp:meta_value>
		</wp:postmeta>
		<wp:postmeta>
			<wp:meta_key>photozen_portfolio_perpage</wp:meta_key>
			<wp:meta_value><![CDATA[Default Sidebar]]></wp:meta_value>
		</wp:postmeta>
		<wp:postmeta>
			<wp:meta_key>photozen_video_embed_code</wp:meta_key>
			<wp:meta_value><![CDATA[<iframe src="http://player.vimeo.com/video/27612305?title=0&byline=0&portrait=0" width="650" height="366" frameborder="0" webkitAllowFullScreen allowFullScreen></iframe>]]></wp:meta_value>
		</wp:postmeta>
		<wp:postmeta>
			<wp:meta_key>photozen_meta_lightbox</wp:meta_key>
			<wp:meta_value><![CDATA[Enable Lightbox]]></wp:meta_value>
		</wp:postmeta>
		<wp:postmeta>
			<wp:meta_key>mtheme_p2_sidebar_choice</wp:meta_key>
			<wp:meta_value><![CDATA[Default Sidebar]]></wp:meta_value>
		</wp:postmeta>
		<wp:postmeta>
			<wp:meta_key>mtheme_p2_meta_background_choice</wp:meta_key>
			<wp:meta_value><![CDATA[Background Slideshow]]></wp:meta_value>
		</wp:postmeta>
		<wp:postmeta>
			<wp:meta_key>mtheme_p2_portfolio_style</wp:meta_key>
			<wp:meta_value><![CDATA[Default Sidebar]]></wp:meta_value>
		</wp:postmeta>
		<wp:postmeta>
			<wp:meta_key>mtheme_p2_portfolio_category</wp:meta_key>
			<wp:meta_value><![CDATA[Default Sidebar]]></wp:meta_value>
		</wp:postmeta>
		<wp:postmeta>
			<wp:meta_key>mtheme_p2_portfolio_link</wp:meta_key>
			<wp:meta_value><![CDATA[Default Sidebar]]></wp:meta_value>
		</wp:postmeta>
		<wp:postmeta>
			<wp:meta_key>mtheme_p2_portfolio_perpage</wp:meta_key>
			<wp:meta_value><![CDATA[Default Sidebar]]></wp:meta_value>
		</wp:postmeta>
		<wp:postmeta>
			<wp:meta_key>mtheme_p2_video_embed_code</wp:meta_key>
			<wp:meta_value><![CDATA[<iframe src="http://player.vimeo.com/video/37187304?color=ff9933" width="650" height="366" frameborder="0" webkitAllowFullScreen mozallowfullscreen allowFullScreen></iframe>]]></wp:meta_value>
		</wp:postmeta>
		<wp:postmeta>
			<wp:meta_key>mtheme_p2_meta_lightbox</wp:meta_key>
			<wp:meta_value><![CDATA[Enable Lightbox]]></wp:meta_value>
		</wp:postmeta>
		<wp:comment>
			<wp:comment_id>8</wp:comment_id>
			<wp:comment_author><![CDATA[admin]]></wp:comment_author>
			<wp:comment_author_email>mondrey.m@gmail.com</wp:comment_author_email>
			<wp:comment_author_url></wp:comment_author_url>
			<wp:comment_author_IP>127.0.0.1</wp:comment_author_IP>
			<wp:comment_date>2011-09-25 15:56:01</wp:comment_date>
			<wp:comment_date_gmt>2011-09-25 15:56:01</wp:comment_date_gmt>
			<wp:comment_content><![CDATA[Vivamus vel mi lorem. Sed vitae felis nisl, at venenatis tortor. In at velit ac turpis aliquam volutpat. Ut et nibh augue. Integer imperdiet convallis massa nec gravida. Sed eleifend porta urna.]]></wp:comment_content>
			<wp:comment_approved>1</wp:comment_approved>
			<wp:comment_type></wp:comment_type>
			<wp:comment_parent>0</wp:comment_parent>
			<wp:comment_user_id>2</wp:comment_user_id>
		</wp:comment>
		<wp:comment>
			<wp:comment_id>9</wp:comment_id>
			<wp:comment_author><![CDATA[admin]]></wp:comment_author>
			<wp:comment_author_email>mondrey.m@gmail.com</wp:comment_author_email>
			<wp:comment_author_url></wp:comment_author_url>
			<wp:comment_author_IP>127.0.0.1</wp:comment_author_IP>
			<wp:comment_date>2011-09-25 15:56:08</wp:comment_date>
			<wp:comment_date_gmt>2011-09-25 15:56:08</wp:comment_date_gmt>
			<wp:comment_content><![CDATA[Quisque nec justo lacus. Phasellus tristique sapien ut dui sagittis feugiat. Pellentesque quis leo vitae magna vulputate ultrices quis vitae justo. Nulla vel imperdiet augue.]]></wp:comment_content>
			<wp:comment_approved>1</wp:comment_approved>
			<wp:comment_type></wp:comment_type>
			<wp:comment_parent>0</wp:comment_parent>
			<wp:comment_user_id>2</wp:comment_user_id>
		</wp:comment>
		<wp:comment>
			<wp:comment_id>10</wp:comment_id>
			<wp:comment_author><![CDATA[admin]]></wp:comment_author>
			<wp:comment_author_email>mondrey.m@gmail.com</wp:comment_author_email>
			<wp:comment_author_url></wp:comment_author_url>
			<wp:comment_author_IP>127.0.0.1</wp:comment_author_IP>
			<wp:comment_date>2011-09-25 15:56:20</wp:comment_date>
			<wp:comment_date_gmt>2011-09-25 15:56:20</wp:comment_date_gmt>
			<wp:comment_content><![CDATA[Ut et nibh augue. Integer imperdiet convallis massa nec gravida. Sed eleifend porta urna. Praesent non nisi tellus, ut lobortis massa. Sed pretium pretium elit et]]></wp:comment_content>
			<wp:comment_approved>1</wp:comment_approved>
			<wp:comment_type></wp:comment_type>
			<wp:comment_parent>8</wp:comment_parent>
			<wp:comment_user_id>2</wp:comment_user_id>
		</wp:comment>
	</item>
	<item>
		<title>This is an aside</title>
		<link>http://rsw.imaginemthemes.com/wp/2011/08/22/this-is-an-aside/</link>
		<pubDate>Mon, 22 Aug 2011 08:46:13 +0000</pubDate>
		<dc:creator>vortex</dc:creator>
		<guid isPermaLink="false">http://localhost/wpmu/photobox/?p=4</guid>
		<description></description>
		<content:encoded><![CDATA[This is an Aside post. It's displayed without a title, very useful for posting quick notes. Lorem ipsum dolor sit amet, consectetur adipiscing elit. Phasellus blandit porta tellus non vulputate. Nam in nulla ut augue bibendum aliquet eget eu velit. Suspendisse non ligula sit amet felis volutpat hendrerit eu ac odio. Etiam elementum dui vel libero laoreet sagittis. Vestibulum ac elit orci, et cursus mauris. Nulla vehicula lorem odio. Mauris vel mauris justo, sed adipiscing neque. Nam ipsum dolor, congue ac vestibulum eget, luctus nec ipsum.]]></content:encoded>
		<excerpt:encoded><![CDATA[]]></excerpt:encoded>
		<wp:post_id>1157</wp:post_id>
		<wp:post_date>2011-08-22 08:46:13</wp:post_date>
		<wp:post_date_gmt>2011-08-22 08:46:13</wp:post_date_gmt>
		<wp:comment_status>open</wp:comment_status>
		<wp:ping_status>open</wp:ping_status>
		<wp:post_name>this-is-an-aside</wp:post_name>
		<wp:status>publish</wp:status>
		<wp:post_parent>0</wp:post_parent>
		<wp:menu_order>0</wp:menu_order>
		<wp:post_type>post</wp:post_type>
		<wp:post_password></wp:post_password>
		<wp:is_sticky>0</wp:is_sticky>
		<category domain="category" nicename="post-format-aside"><![CDATA[Aside]]></category>
		<category domain="post_format" nicename="post-format-aside"><![CDATA[Aside]]></category>
		<category domain="category" nicename="post-formats"><![CDATA[Post formats]]></category>
		<wp:postmeta>
			<wp:meta_key>_edit_last</wp:meta_key>
			<wp:meta_value><![CDATA[1]]></wp:meta_value>
		</wp:postmeta>
		<wp:postmeta>
			<wp:meta_key>catalyst_meta_lightbox</wp:meta_key>
			<wp:meta_value><![CDATA[Enable Lightbox]]></wp:meta_value>
		</wp:postmeta>
		<wp:postmeta>
			<wp:meta_key>photozen_meta_background_choice</wp:meta_key>
			<wp:meta_value><![CDATA[Theme options set image]]></wp:meta_value>
		</wp:postmeta>
		<wp:postmeta>
			<wp:meta_key>photozen_sidebar_choice</wp:meta_key>
			<wp:meta_value><![CDATA[Default Sidebar]]></wp:meta_value>
		</wp:postmeta>
		<wp:postmeta>
			<wp:meta_key>photozen_portfolio_style</wp:meta_key>
			<wp:meta_value><![CDATA[Default Sidebar]]></wp:meta_value>
		</wp:postmeta>
		<wp:postmeta>
			<wp:meta_key>photozen_portfolio_category</wp:meta_key>
			<wp:meta_value><![CDATA[Default Sidebar]]></wp:meta_value>
		</wp:postmeta>
		<wp:postmeta>
			<wp:meta_key>photozen_portfolio_link</wp:meta_key>
			<wp:meta_value><![CDATA[Default Sidebar]]></wp:meta_value>
		</wp:postmeta>
		<wp:postmeta>
			<wp:meta_key>photozen_portfolio_perpage</wp:meta_key>
			<wp:meta_value><![CDATA[Default Sidebar]]></wp:meta_value>
		</wp:postmeta>
		<wp:postmeta>
			<wp:meta_key>photozen_meta_lightbox</wp:meta_key>
			<wp:meta_value><![CDATA[Enable Lightbox]]></wp:meta_value>
		</wp:postmeta>
		<wp:postmeta>
			<wp:meta_key>mtheme_p2_sidebar_choice</wp:meta_key>
			<wp:meta_value><![CDATA[Default Sidebar]]></wp:meta_value>
		</wp:postmeta>
		<wp:postmeta>
			<wp:meta_key>mtheme_p2_meta_background_choice</wp:meta_key>
			<wp:meta_value><![CDATA[Background Slideshow]]></wp:meta_value>
		</wp:postmeta>
		<wp:postmeta>
			<wp:meta_key>mtheme_p2_portfolio_style</wp:meta_key>
			<wp:meta_value><![CDATA[Default Sidebar]]></wp:meta_value>
		</wp:postmeta>
		<wp:postmeta>
			<wp:meta_key>mtheme_p2_portfolio_category</wp:meta_key>
			<wp:meta_value><![CDATA[Default Sidebar]]></wp:meta_value>
		</wp:postmeta>
		<wp:postmeta>
			<wp:meta_key>mtheme_p2_portfolio_link</wp:meta_key>
			<wp:meta_value><![CDATA[Default Sidebar]]></wp:meta_value>
		</wp:postmeta>
		<wp:postmeta>
			<wp:meta_key>mtheme_p2_portfolio_perpage</wp:meta_key>
			<wp:meta_value><![CDATA[Default Sidebar]]></wp:meta_value>
		</wp:postmeta>
		<wp:postmeta>
			<wp:meta_key>mtheme_p2_meta_lightbox</wp:meta_key>
			<wp:meta_value><![CDATA[Enable Lightbox]]></wp:meta_value>
		</wp:postmeta>
	</item>
</channel>
</rss>
